<?xml version="1.0" encoding="UTF-8"?>
<window>
    <controls>
        <control type="group">
            <visible>true</visible>
            <!-- Logo & Directions -->
            <control type="group">
                <control type="image">
                    <left>0</left>
                    <top>0</top>
                    <width>1920</width>
                    <height>1080</height>
                    <texture colordiffuse="FF000000">fen_common/white.png</texture>
                </control>
                <control type="image">
                    <texture>$INFO[Window.Property(fanart)]</texture>
                    <animation effect="fade" start="100" end="20">WindowOpen</animation>
                </control>
                <control type="image">
                    <animation effect="fade" start="0" end="100" time="200">WindowOpen</animation>
                    <left>5</left>
                    <top>5</top>
                    <width>60</width>
                    <height>60</height>
                    <aspectratio aligny="top">keep</aspectratio>
                    <texture>fen_common/fen.png</texture>
                </control>
                <control type="label">
                    <left>70</left>
                    <top>18</top>
                    <width max="1160">auto</width>
                    <height>20</height>
                    <font>font10</font> <!-- FEN_21 -->
                    <label>[COLOR B3CCCCCC][B]$ADDON[plugin.video.fen 33138][/B][/COLOR]</label>
                    <visible>String.IsEqual(Window.Property(window_mode),scraper)</visible>
                </control>
                <control type="label">
                    <left>70</left>
                    <top>18</top>
                    <width max="1160">auto</width>
                    <height>20</height>
                    <font>font10</font> <!-- FEN_21 -->
                    <label>[COLOR B3CCCCCC][B]$ADDON[plugin.video.fen 33138] | $ADDON[plugin.video.fen 33139][/B][/COLOR]</label>
                    <visible>String.IsEqual(Window.Property(window_mode),resolver) + !String.IsEqual(Window.Property(enable_busy_spinner),true)</visible>
                </control>
            </control>
            <!-- Clearlogo & Genre -->
            <control type="group">
                <animation type="WindowOpen" reversible="false">
                    <effect type="fade" start="0" end="100" time="200" tween="sine" easing="in" />
                    <effect type="slide" start="0,-360" end="0" time="200" center="auto" tween="quadratic" easing="out" />
                </animation>
                <control type="image">
                    <top>70</top>
                    <left>395</left>
                    <height max="250">auto</height>
                    <width max="1130">auto</width>
                    <aspectratio>keep</aspectratio>
                    <align>center</align>
                    <aligny>bottom</aligny>
                    <texture background="true">$INFO[Window.Property(clearlogo)]</texture>
                    <visible>!String.IsEmpty(Window.Property(clearlogo))</visible>
                </control>
                <control type="label">
                    <top>200</top>
                    <width max="1920">auto</width>
                    <height>30</height>
                    <font>font60</font> <!-- FEN_60_BOLD -->
                    <textcolor>FFCCCCCC</textcolor>
                    <align>center</align>
                    <aligny>bottom</aligny>
                    <label>[B]$INFO[Window.Property(title)][/B]</label>
                    <visible>String.IsEmpty(Window.Property(clearlogo))</visible>
                </control>
                <control type="label">
                    <top>335</top>
                    <width max="1920">auto</width>
                    <height>25</height>
                    <font>font14</font> <!-- FEN_33 -->
                    <textcolor>FFCCCCCC</textcolor>
                    <align>center</align>
                    <label>[I]$INFO[Window.Property(genre)][/I]</label>
                </control>
            </control>
            <!-- Busy Spinner -->
            <control type="image">
                <visible>String.IsEqual(Window.Property(enable_busy_spinner),true)</visible>
                <left>730</left>
                <top>530</top>
                <width max="30">auto</width>
                <height max="30">auto</height>
                <texture flipx="true" colordiffuse="FFFAFAFA">fen_common/spinners/loading-spinner.png</texture>
                <animation effect="fade" time="320" delay="400">Visible</animation>
                <animation effect="rotate" end="360" center="auto" time="1200" loop="true" reversible="false" condition="true">Conditional</animation>
                <animation effect="fade" start="70" time="1200" condition="true" pulse="true">Conditional</animation>
            </control>
            <!-- Progress -->
            <control type="group">
                <animation type="WindowOpen" reversible="false">
                    <effect type="fade" start="0" end="100" time="200" tween="sine" easing="in" />
                    <effect type="slide" start="0,550" end="0" time="200" center="auto" tween="quadratic" easing="out" />
                </animation>
                <top>540</top>
                <left>765</left>
                <control type="group">
                    <control type="image">
                        <left>0</left>
                        <width>10</width>
                        <height>10</height>
                        <texture colordiffuse="FF434343">fen_common/white.png</texture>
                        <visible>Integer.IsLess(Window().Property(percent),1)</visible>
                    </control>
                    <control type="image">
                        <left>20</left>
                        <width>10</width>
                        <height>10</height>
                        <texture colordiffuse="FF434343">fen_common/white.png</texture>
                        <visible>Integer.IsLess(Window().Property(percent),5)</visible>
                    </control>
                    <control type="image">
                        <left>40</left>
                        <width>10</width>
                        <height>10</height>
                        <texture colordiffuse="FF434343">fen_common/white.png</texture>
                        <visible>Integer.IsLess(Window().Property(percent),10)</visible>
                    </control>
                    <control type="image">
                        <left>60</left>
                        <width>10</width>
                        <height>10</height>
                        <texture colordiffuse="FF434343">fen_common/white.png</texture>
                        <visible>Integer.IsLess(Window().Property(percent),15)</visible>
                    </control>
                    <control type="image">
                        <left>80</left>
                        <width>10</width>
                        <height>10</height>
                        <texture colordiffuse="FF434343">fen_common/white.png</texture>
                        <visible>Integer.IsLess(Window().Property(percent),20)</visible>
                    </control>
                    <control type="image">
                        <left>100</left>
                        <width>10</width>
                        <height>10</height>
                        <texture colordiffuse="FF434343">fen_common/white.png</texture>
                        <visible>Integer.IsLess(Window().Property(percent),25)</visible>
                    </control>
                    <control type="image">
                        <left>120</left>
                        <width>10</width>
                        <height>10</height>
                        <texture colordiffuse="FF434343">fen_common/white.png</texture>
                        <visible>Integer.IsLess(Window().Property(percent),30)</visible>
                    </control>
                    <control type="image">
                        <left>140</left>
                        <width>10</width>
                        <height>10</height>
                        <texture colordiffuse="FF434343">fen_common/white.png</texture>
                        <visible>Integer.IsLess(Window().Property(percent),35)</visible>
                    </control>
                    <control type="image">
                        <left>160</left>
                        <width>10</width>
                        <height>10</height>
                        <texture colordiffuse="FF434343">fen_common/white.png</texture>
                        <visible>Integer.IsLess(Window().Property(percent),40)</visible>
                    </control>
                    <control type="image">
                        <left>180</left>
                        <width>10</width>
                        <height>10</height>
                        <texture colordiffuse="FF434343">fen_common/white.png</texture>
                        <visible>Integer.IsLess(Window().Property(percent),45)</visible>
                    </control>
                    <control type="image">
                        <left>200</left>
                        <width>10</width>
                        <height>10</height>
                        <texture colordiffuse="FF434343">fen_common/white.png</texture>
                        <visible>Integer.IsLess(Window().Property(percent),50)</visible>
                    </control>
                    <control type="image">
                        <left>220</left>
                        <width>10</width>
                        <height>10</height>
                        <texture colordiffuse="FF434343">fen_common/white.png</texture>
                        <visible>Integer.IsLess(Window().Property(percent),55)</visible>
                    </control>
                    <control type="image">
                        <left>240</left>
                        <width>10</width>
                        <height>10</height>
                        <texture colordiffuse="FF434343">fen_common/white.png</texture>
                        <visible>Integer.IsLess(Window().Property(percent),60)</visible>
                    </control>
                    <control type="image">
                        <left>260</left>
                        <width>10</width>
                        <height>10</height>
                        <texture colordiffuse="FF434343">fen_common/white.png</texture>
                        <visible>Integer.IsLess(Window().Property(percent),65)</visible>
                    </control>
                    <control type="image">
                        <left>280</left>
                        <width>10</width>
                        <height>10</height>
                        <texture colordiffuse="FF434343">fen_common/white.png</texture>
                        <visible>Integer.IsLess(Window().Property(percent),70)</visible>
                    </control>
                    <control type="image">
                        <left>300</left>
                        <width>10</width>
                        <height>10</height>
                        <texture colordiffuse="FF434343">fen_common/white.png</texture>
                        <visible>Integer.IsLess(Window().Property(percent),75)</visible>
                    </control>
                    <control type="image">
                        <left>320</left>
                        <width>10</width>
                        <height>10</height>
                        <texture colordiffuse="FF434343">fen_common/white.png</texture>
                        <visible>Integer.IsLess(Window().Property(percent),80)</visible>
                    </control>
                    <control type="image">
                        <left>340</left>
                        <width>10</width>
                        <height>10</height>
                        <texture colordiffuse="FF434343">fen_common/white.png</texture>
                        <visible>Integer.IsLess(Window().Property(percent),85)</visible>
                    </control>
                    <control type="image">
                        <left>360</left>
                        <width>10</width>
                        <height>10</height>
                        <texture colordiffuse="FF434343">fen_common/white.png</texture>
                        <visible>Integer.IsLess(Window().Property(percent),90)</visible>
                    </control>
                    <control type="image">
                        <left>380</left>
                        <width>10</width>
                        <height>10</height>
                        <texture colordiffuse="FF434343">fen_common/white.png</texture>
                        <visible>Integer.IsLess(Window().Property(percent),95)</visible>
                    </control>
                    <control type="image">
                        <left>400</left>
                        <width>10</width>
                        <height>10</height>
                        <texture colordiffuse="FF434343">fen_common/white.png</texture>
                        <visible>Integer.IsLess(Window().Property(percent),99)</visible>
                    </control>
                </control>
                <control type="group">
                    <control type="image">
                        <left>0</left>
                        <width>10</width>
                        <height>10</height>
                        <texture colordiffuse="$INFO[Window.Property(flag_highlight)]">fen_common/white.png</texture>
                        <visible>Integer.IsGreaterOrEqual(Window().Property(percent),1)</visible>
                    </control>
                    <control type="image">
                        <left>20</left>
                        <width>10</width>
                        <height>10</height>
                        <texture colordiffuse="$INFO[Window.Property(flag_highlight)]">fen_common/white.png</texture>
                        <visible>Integer.IsGreaterOrEqual(Window().Property(percent),5)</visible>
                    </control>
                    <control type="image">
                        <left>40</left>
                        <width>10</width>
                        <height>10</height>
                        <texture colordiffuse="$INFO[Window.Property(flag_highlight)]">fen_common/white.png</texture>
                        <visible>Integer.IsGreaterOrEqual(Window().Property(percent),10)</visible>
                    </control>
                    <control type="image">
                        <left>60</left>
                        <width>10</width>
                        <height>10</height>
                        <texture colordiffuse="$INFO[Window.Property(flag_highlight)]">fen_common/white.png</texture>
                        <visible>Integer.IsGreaterOrEqual(Window().Property(percent),15)</visible>
                    </control>
                    <control type="image">
                        <left>80</left>
                        <width>10</width>
                        <height>10</height>
                        <texture colordiffuse="$INFO[Window.Property(flag_highlight)]">fen_common/white.png</texture>
                        <visible>Integer.IsGreaterOrEqual(Window().Property(percent),20)</visible>
                    </control>
                    <control type="image">
                        <left>100</left>
                        <width>10</width>
                        <height>10</height>
                        <texture colordiffuse="$INFO[Window.Property(flag_highlight)]">fen_common/white.png</texture>
                        <visible>Integer.IsGreaterOrEqual(Window().Property(percent),25)</visible>
                    </control>
                    <control type="image">
                        <left>120</left>
                        <width>10</width>
                        <height>10</height>
                        <texture colordiffuse="$INFO[Window.Property(flag_highlight)]">fen_common/white.png</texture>
                        <visible>Integer.IsGreaterOrEqual(Window().Property(percent),30)</visible>
                    </control>
                    <control type="image">
                        <left>140</left>
                        <width>10</width>
                        <height>10</height>
                        <texture colordiffuse="$INFO[Window.Property(flag_highlight)]">fen_common/white.png</texture>
                        <visible>Integer.IsGreaterOrEqual(Window().Property(percent),35)</visible>
                    </control>
                    <control type="image">
                        <left>160</left>
                        <width>10</width>
                        <height>10</height>
                        <texture colordiffuse="$INFO[Window.Property(flag_highlight)]">fen_common/white.png</texture>
                        <visible>Integer.IsGreaterOrEqual(Window().Property(percent),40)</visible>
                    </control>
                    <control type="image">
                        <left>180</left>
                        <width>10</width>
                        <height>10</height>
                        <texture colordiffuse="$INFO[Window.Property(flag_highlight)]">fen_common/white.png</texture>
                        <visible>Integer.IsGreaterOrEqual(Window().Property(percent),45)</visible>
                    </control>
                    <control type="image">
                        <left>200</left>
                        <width>10</width>
                        <height>10</height>
                        <texture colordiffuse="$INFO[Window.Property(flag_highlight)]">fen_common/white.png</texture>
                        <visible>Integer.IsGreaterOrEqual(Window().Property(percent),50)</visible>
                    </control>
                    <control type="image">
                        <left>220</left>
                        <width>10</width>
                        <height>10</height>
                        <texture colordiffuse="FFFF6766">fen_common/white.png</texture>
                        <visible>Integer.IsGreaterOrEqual(Window().Property(percent),55)</visible>
                    </control>
                    <control type="image">
                        <left>240</left>
                        <width>10</width>
                        <height>10</height>
                        <texture colordiffuse="FFFF6766">fen_common/white.png</texture>
                        <visible>Integer.IsGreaterOrEqual(Window().Property(percent),60)</visible>
                    </control>
                    <control type="image">
                        <left>260</left>
                        <width>10</width>
                        <height>10</height>
                        <texture colordiffuse="FFFF6766">fen_common/white.png</texture>
                        <visible>Integer.IsGreaterOrEqual(Window().Property(percent),65)</visible>
                    </control>
                    <control type="image">
                        <left>280</left>
                        <width>10</width>
                        <height>10</height>
                        <texture colordiffuse="FFFF6766">fen_common/white.png</texture>
                        <visible>Integer.IsGreaterOrEqual(Window().Property(percent),70)</visible>
                    </control>
                    <control type="image">
                        <left>300</left>
                        <width>10</width>
                        <height>10</height>
                        <texture colordiffuse="FFFF6766">fen_common/white.png</texture>
                        <visible>Integer.IsGreaterOrEqual(Window().Property(percent),75)</visible>
                    </control>
                    <control type="image">
                        <left>320</left>
                        <width>10</width>
                        <height>10</height>
                        <texture colordiffuse="FFFF6766">fen_common/white.png</texture>
                        <visible>Integer.IsGreaterOrEqual(Window().Property(percent),80)</visible>
                    </control>
                    <control type="image">
                        <left>340</left>
                        <width>10</width>
                        <height>10</height>
                        <texture colordiffuse="FFFF1919">fen_common/white.png</texture>
                        <visible>Integer.IsGreaterOrEqual(Window().Property(percent),85)</visible>
                    </control>
                    <control type="image">
                        <left>360</left>
                        <width>10</width>
                        <height>10</height>
                        <texture colordiffuse="FFFF1919">fen_common/white.png</texture>
                        <visible>Integer.IsGreaterOrEqual(Window().Property(percent),90)</visible>
                    </control>
                    <control type="image">
                        <left>380</left>
                        <width>10</width>
                        <height>10</height>
                        <texture colordiffuse="FFFF1919">fen_common/white.png</texture>
                        <visible>Integer.IsGreaterOrEqual(Window().Property(percent),95)</visible>
                    </control>
                    <control type="image">
                        <left>400</left>
                        <width>10</width>
                        <height>10</height>
                        <texture colordiffuse="FFFF1919">fen_common/white.png</texture>
                        <visible>Integer.IsGreaterOrEqual(Window().Property(percent),99)</visible>
                    </control>
                </control>
            </control>
            <!-- Scraper -->
            <control type="group">
                <visible>String.IsEqual(Window.Property(window_mode),scraper)</visible>
                <animation type="WindowOpen" reversible="false">
                    <effect type="fade" start="0" end="100" time="200" tween="sine" easing="in" />
                    <effect type="slide" start="0,550" end="0" time="200" center="auto" tween="quadratic" easing="out" />
                </animation>
                <top>470</top>
                <left>405</left>
                <control type="group">
                    <top>70</top>
                    <left>295</left>
                    <control type="group">
                        <control type="label">
                            <top>50</top>
                            <left>10</left>
                            <width>100</width>
                            <height>0</height>
                            <align>center</align>
                            <aligny>center</aligny>
                            <font>font12</font> <!-- FEN_26 -->
                            <label>[COLOR $INFO[Window.Property(flag_highlight)]][B]4K[/B][/COLOR]</label>
                        </control>
                        <control type="label">
                            <top>100</top>
                            <left>10</left>
                            <width>100</width>
                            <height>0</height>
                            <align>center</align>
                            <aligny>center</aligny>
                            <font>font12</font> <!-- FEN_26 -->
                            <label>[COLOR $INFO[Window.Property(result_highlight)]][B]$INFO[Window.Property(results_4k)][/B][/COLOR]</label>
                        </control>
                    </control>
                    <control type="group">
                        <left>100</left>
                        <control type="label">
                            <top>50</top>
                            <left>10</left>
                            <width>100</width>
                            <height>0</height>
                            <align>center</align>
                            <aligny>center</aligny>
                            <font>font12</font> <!-- FEN_26 -->
                            <label>[COLOR $INFO[Window.Property(flag_highlight)]][B]1080[/B][/COLOR]</label>
                        </control>
                        <control type="label">
                            <top>100</top>
                            <left>10</left>
                            <width>100</width>
                            <height>0</height>
                            <align>center</align>
                            <aligny>center</aligny>
                            <font>font12</font> <!-- FEN_26 -->
                            <label>[COLOR $INFO[Window.Property(result_highlight)]][B]$INFO[Window.Property(results_1080p)][/B][/COLOR]</label>
                        </control>
                    </control>
                    <control type="group">
                        <left>200</left>
                        <control type="label">
                            <top>50</top>
                            <left>10</left>
                            <width>100</width>
                            <height>0</height>
                            <align>center</align>
                            <aligny>center</aligny>
                            <font>font12</font> <!-- FEN_26 -->
                            <label>[COLOR $INFO[Window.Property(flag_highlight)]][B]720[/B][/COLOR]</label>
                        </control>
                        <control type="label">
                            <top>100</top>
                            <left>10</left>
                            <width>100</width>
                            <height>0</height>
                            <align>center</align>
                            <aligny>center</aligny>
                            <font>font12</font> <!-- FEN_26 -->
                            <label>[COLOR $INFO[Window.Property(result_highlight)]][B]$INFO[Window.Property(results_720p)][/B][/COLOR]</label>
                        </control>
                    </control>
                    <control type="group">
                        <left>300</left>
                        <control type="label">
                            <top>50</top>
                            <left>10</left>
                            <width>100</width>
                            <height>0</height>
                            <align>center</align>
                            <aligny>center</aligny>
                            <font>font12</font> <!-- FEN_26 -->
                            <label>[COLOR $INFO[Window.Property(flag_highlight)]][B]SD[/B][/COLOR]</label>
                        </control>
                        <control type="label">
                            <top>100</top>
                            <left>10</left>
                            <width>100</width>
                            <height>0</height>
                            <align>center</align>
                            <aligny>center</aligny>
                            <font>font12</font> <!-- FEN_26 -->
                            <label>[COLOR $INFO[Window.Property(result_highlight)]][B]$INFO[Window.Property(results_sd)][/B][/COLOR]</label>
                        </control>
                    </control>
                    <control type="group">
                        <left>400</left>
                        <control type="label">
                            <top>50</top>
                            <left>10</left>
                            <width>100</width>
                            <height>0</height>
                            <align>center</align>
                            <aligny>center</aligny>
                            <font>font12</font> <!-- FEN_26 -->
                            <label>[COLOR $INFO[Window.Property(flag_highlight)]][B]TOTAL[/B][/COLOR]</label>
                        </control>
                        <control type="label">
                            <top>100</top>
                            <left>10</left>
                            <width>100</width>
                            <height>0</height>
                            <align>center</align>
                            <aligny>center</aligny>
                            <font>font12</font> <!-- FEN_26 -->
                            <label>[COLOR $INFO[Window.Property(result_highlight)]][B]$INFO[Window.Property(results_total)][/B][/COLOR]</label>
                        </control>
                    </control>
                </control>
                <control type="textbox" id="2001">
                    <top>260</top>
                    <left>340</left>
                    <width>450</width>
                    <height>210</height>
                    <align>center</align>
                    <aligny>bottom</aligny>
                    <font>font12</font> <!-- FEN_26 -->
                    <textcolor>$INFO[Window.Property(result_highlight)]</textcolor>
                </control>
            </control>
            <!-- Resolver -->
            <control type="group">
                <visible>String.IsEqual(Window.Property(window_mode),resolver)</visible>
                <control type="textbox">
                    <left>560</left>
                    <top>570</top>
                    <width>820</width>
                    <height>310</height>
                    <font>font12</font> <!-- FEN_26 -->
                    <align>center</align>
                    <textcolor>FFB7B4BB</textcolor>
                    <label>$INFO[Window.Property(text)]</label>
                </control>
                <control type="textbox" id="2002">
                    <top>950</top>
                    <left>20</left>
                    <width>1880</width>
                    <height>100</height>
                    <font>font12</font> <!-- FEN_26 -->
                    <align>center</align>
                    <textcolor>FFB7B4BB</textcolor>
                </control>
            </control>
            <!-- Resume -->
            <control type="group">
                <top>590</top>
                <left>750</left>
                <visible>String.IsEqual(Window.Property(window_mode),resume)</visible>
                <control type="label" id="2003">
                    <width>440</width>
                    <height>30</height>
                    <font>font12</font> <!-- FEN_26 -->
                    <align>center</align>
                    <aligny>bottom</aligny>
                    <textcolor>FFB7B4BB</textcolor>
                </control>
                <control type="group">
                    <top>80</top>
                    <control type="button" id="10">
                        <description>Yes</description>
                        <width>200</width>
                        <height>60</height>
                        <onleft>11</onleft>
                        <onright>11</onright>
                        <label>[B]$ADDON[plugin.video.fen 32824][/B]</label>
                        <font>font12</font> <!-- FEN_26 -->
                        <textcolor>FFB7B4BB</textcolor>
                        <focusedcolor>$INFO[Window(10000).Property(fen.highlight)]</focusedcolor>
                        <texturefocus colordiffuse="FFCCCCCC" border="30">fen_common/circle.png</texturefocus>
                        <texturenofocus colordiffuse="FF4a4347" border="30">fen_common/circle.png</texturenofocus>
                        <align>center</align>
                    </control>
                    <control type="button" id="11">
                        <description>No</description>
                        <left>240</left>
                        <width>200</width>
                        <height>60</height>
                        <onleft>10</onleft>
                        <onright>10</onright>
                        <label>[B]$ADDON[plugin.video.fen 32828][/B]</label>
                        <font>font12</font> <!-- FEN_26 -->
                        <textcolor>FFB7B4BB</textcolor>
                        <focusedcolor>$INFO[Window(10000).Property(fen.highlight)]</focusedcolor>
                        <texturefocus colordiffuse="FFCCCCCC" border="30">fen_common/circle.png</texturefocus>
                        <texturenofocus colordiffuse="FF4a4347" border="30">fen_common/circle.png</texturenofocus>
                        <align>center</align>
                    </control>
                </control>
            </control>
        </control>
    </controls>
</window>
