<favourites>
    <favourite name="[B]FEN[/B]" thumb="special://home/addons/plugin.video.fen/resources/media/fen_icon.png">RunAddon(plugin.video.fen)</favourite>
    <favourite name="[B][COLOR orange]חיבור שירותים להרחבת Fen[/COLOR][/B]" thumb="special://home/media/build_icons/Fen/Connect_Services/fen_connect_services.jpg">RunAddon(&quot;plugin.program.kodirealdebridisrael_connect_fen_services&quot;)</favourite>
    <favourite name="[B]הסדרות שלי[/B]" thumb="https://i.imgur.com/R3NEEJl.png">ActivateWindow(10025,&quot;plugin://plugin.video.fen/?action=favorites_tvshows&amp;iconImage=https%3a%2f%2fi.imgur.com%2fR3NEEJl.png&amp;mode=build_tvshow_list&quot;,return)</favourite>
    <favourite name="[B]הסרטים שלי[/B]" thumb="https://i.imgur.com/pmyCOx7.png">ActivateWindow(10025,&quot;plugin://plugin.video.fen/?action=favorites_movies&amp;iconImage=https%3a%2f%2fi.imgur.com%2fpmyCOx7.png&amp;mode=build_movie_list&quot;,return)</favourite>
    <favourite name="[B]סדרות פופולריות[/B]" thumb="https://i.imgur.com/rVq7so0.png">ActivateWindow(10025,&quot;plugin://plugin.video.fen/?action=trakt_tv_trending&amp;iconImage=trending&amp;mode=build_tvshow_list&amp;name=32458&quot;,return)</favourite>
    <favourite name="[B]סרטים פופולרים[/B]" thumb="https://i.imgur.com/rVq7so0.png">ActivateWindow(10025,&quot;plugin://plugin.video.fen/?action=trakt_movies_trending&amp;iconImage=trending&amp;mode=build_movie_list&amp;name=32458&quot;,return)</favourite>
    <favourite name="[B]פרקים להמשך צפייה[/B]" thumb="https://i.imgur.com/0KFvjKR.png">ActivateWindow(10025,&quot;plugin://plugin.video.fen/?iconImage=next_episodes&amp;mode=build_next_episode&amp;name=32483&quot;,return)</favourite>
    <favourite name="[B]סרטים להמשך צפייה[/B]" thumb="https://i.imgur.com/D0nCsqI.png">ActivateWindow(10025,&quot;plugin://plugin.video.fen/?action=in_progress_movies&amp;iconImage=player&amp;mode=build_movie_list&amp;name=32476&quot;,return)</favourite>
    <favourite name="[B]עידן פלוס[/B]" thumb="special://home/addons/plugin.video.idanplus/icon.png">RunAddon(plugin.video.idanplus)</favourite>
    <favourite name="[B]סרטים לפי רשתות[/B]" thumb="https://i.imgur.com/pVxUSzl.png">ActivateWindow(10025,&quot;plugin://plugin.video.fen/?external_list_item=True&amp;iconImage=networks&amp;mode=navigator.build_shortcut_folder_list&amp;name=%d7%a1%d7%a8%d7%98%d7%99%d7%9d%20-%20%d7%9c%d7%a4%d7%99%20%d7%a8%d7%a9%d7%aa%d7%95%d7%aa&amp;shortcut_folder=True&quot;,return)</favourite>
    <favourite name="[B]סדרות לפי ז&apos;אנר[/B]" thumb="https://i.imgur.com/6QpJbS0.png">ActivateWindow(10025,&quot;plugin://plugin.video.fen/?external_list_item=True&amp;iconImage=genres&amp;mode=navigator.build_shortcut_folder_list&amp;name=%d7%a1%d7%93%d7%a8%d7%95%d7%aa%20-%20%d7%9c%d7%a4%d7%99%20%d7%96%27%d7%90%d7%a0%d7%a8&amp;shortcut_folder=True&quot;,return)</favourite>
    <favourite name="[B]סרטים לפי ז&apos;אנר[/B]" thumb="https://i.imgur.com/6QpJbS0.png">ActivateWindow(10025,&quot;plugin://plugin.video.fen/?external_list_item=True&amp;iconImage=genres&amp;mode=navigator.build_shortcut_folder_list&amp;name=%d7%a1%d7%a8%d7%98%d7%99%d7%9d%20-%20%d7%9c%d7%a4%d7%99%20%d7%96%27%d7%90%d7%a0%d7%a8&amp;shortcut_folder=True&quot;,return)</favourite>
    <favourite name="[B]סדרות נטפליקס[/B]" thumb="https://i.imgur.com/jI5c3bw.png">ActivateWindow(10025,&quot;plugin://plugin.video.fen/?action=tmdb_tv_networks&amp;iconImage=https%3a%2f%2fi.imgur.com%2fjI5c3bw.png&amp;mode=build_tvshow_list&amp;network_id=213&quot;,return)</favourite>
    <favourite name="[B]סדרות דיסני פלוס[/B]" thumb="https://i.imgur.com/DVrPgbM.png">ActivateWindow(10025,&quot;plugin://plugin.video.fen/?action=tmdb_tv_networks&amp;iconImage=https%3a%2f%2fi.imgur.com%2fDVrPgbM.png&amp;mode=build_tvshow_list&amp;network_id=2739&quot;,return)</favourite>
    <favourite name="[B]HBO סדרות[/B]" thumb="https://i.imgur.com/Hyu8ZGq.png">ActivateWindow(10025,&quot;plugin://plugin.video.fen/?action=tmdb_tv_networks&amp;iconImage=https%3a%2f%2fi.imgur.com%2fHyu8ZGq.png&amp;mode=build_tvshow_list&amp;network_id=49&quot;,return)</favourite>
    <favourite name="[B]HBO Max סדרות[/B]" thumb="https://i.imgur.com/mmRMG75.png">ActivateWindow(10025,&quot;plugin://plugin.video.fen/?action=tmdb_tv_networks&amp;iconImage=https%3a%2f%2fi.imgur.com%2fmmRMG75.png&amp;mode=build_tvshow_list&amp;network_id=3186&quot;,return)</favourite>
    <favourite name="[B]Apple TV+ סדרות[/B]" thumb="https://i.imgur.com/fAQMVNp.png">ActivateWindow(10025,&quot;plugin://plugin.video.fen/?action=tmdb_tv_networks&amp;iconImage=https%3a%2f%2fi.imgur.com%2ffAQMVNp.png&amp;mode=build_tvshow_list&amp;network_id=2552&quot;,return)</favourite>
    <favourite name="[B]FOX סדרות[/B]" thumb="https://i.imgur.com/6vc0Iov.png">ActivateWindow(10025,&quot;plugin://plugin.video.fen/?action=tmdb_tv_networks&amp;iconImage=https%3a%2f%2fi.imgur.com%2f6vc0Iov.png&amp;mode=build_tvshow_list&amp;network_id=19&quot;,return)</favourite>
    <favourite name="[B]Amazon סדרות[/B]" thumb="https://i.imgur.com/ru9DDlL.png">ActivateWindow(10025,&quot;plugin://plugin.video.fen/?action=tmdb_tv_networks&amp;iconImage=https%3a%2f%2fi.imgur.com%2fru9DDlL.png&amp;mode=build_tvshow_list&amp;network_id=1024&quot;,return)</favourite>
    <favourite name="[B]Hulu סדרות[/B]" thumb="https://i.imgur.com/uSD2Cdw.png">ActivateWindow(10025,&quot;plugin://plugin.video.fen/?action=tmdb_tv_networks&amp;iconImage=https%3a%2f%2fi.imgur.com%2fuSD2Cdw.png&amp;mode=build_tvshow_list&amp;name=Hulu&amp;network_id=453&quot;,return)</favourite>
    <favourite name="[B]סטטוס מנוי Real Debrid[/B]" thumb="special://home/media/build_icons/Fen/RD_Status/RD_Account_Status.jpg">PlayMedia(&quot;plugin://plugin.video.fen/?mode=real_debrid.rd_account_info&amp;isFolder=false&amp;iconImage=https%3A%2F%2Fi.imgur.com%2FDotYAc3.png&quot;)</favourite>
    <favourite name="[B][COLOR blue]Kodi + Real Debrid Israel Wizard[/COLOR][/B]" thumb="special://home/media/build_icons/Wizard/wizard.jpg">RunAddon(&quot;plugin.program.kodirealdebridisraelwizard&quot;)</favourite>
    <favourite name="[B][COLOR yellow]עדכון מהיר[/COLOR][/B]" thumb="special://home/media/build_icons/Wizard/fast_update.jpg">PlayMedia(&quot;plugin://plugin.program.kodirealdebridisraelwizard/?mode=install&amp;action=gui&amp;name=Kodi+20+Real+Debrid+Israel+Build&quot;)</favourite>
    <favourite name="[B]CW סדרות[/B]" thumb="https://i.imgur.com/Q8tooeM.png">ActivateWindow(10025,&quot;plugin://plugin.video.fen/?action=tmdb_tv_networks&amp;iconImage=https%3a%2f%2fi.imgur.com%2fQ8tooeM.png&amp;mode=build_tvshow_list&amp;name=The%20CW&amp;network_id=71&quot;,return)</favourite>
    <favourite name="[B]סידור מועדפים[/B]" thumb="special://home/media/build_icons/Order_Favorites/Order_Favorites.jpg">RunAddon(plugin.program.orderfavourites-hebrew)</favourite>
    <favourite name="[B]שליחת לוג[/B]" thumb="special://home/media/build_icons/Fen/Send_Log/fen_send_log.jpg">PlayMedia(&quot;plugin://plugin.video.fen/?mode=upload_logfile&amp;isFolder=false&amp;iconImage=https%3A%2F%2Fi.imgur.com%2FXbEEv9X.png&quot;)</favourite>
    <favourite name="[B][COLOR limegreen]מדריכים[/COLOR][/B]" thumb="special://home/media/build_icons/Guides/guides.jpg">RunAddon(&quot;plugin.program.kodirealdebridisraelguides&quot;)</favourite>
</favourites>
