<?xml version="1.0" encoding="UTF-8"?>
<window>
    <controls>
        <control type="image">
            <left>0</left>
            <top>0</top>
            <width>1920</width>
            <height>1080</height>
            <texture colordiffuse="FF000000">common/white.png</texture>
            <animation type="WindowOpen" reversible="false">
                <effect type="fade" start="0" end="80" time="200" tween="sine" easing="in" />
            </animation>
        </control>
        <control type="group">
            <left>320</left>
            <top>285</top>
            <animation type="WindowOpen" reversible="false">
                <effect type="zoom" start="50" end="100" time="200" center="910,440" tween="quadratic" easing="out" />
            </animation>
            <control type="image">
                <width>1250</width>
                <height>460</height>
                <texture border="16" colordiffuse="FF302F2F">common/dialog.png</texture>
            </control>
            <control type="image">
                <left>7</left>
                <top>7</top>
                <width>45</width>
                <height>45</height>
                <align>left</align>
                <aligny>top</aligny>
                <aspectratio aligny="top">keep</aspectratio>
                <texture colordiffuse="FFCCCCCC">common/fen.png</texture>
            </control>
            <control type="image">
                <top>70</top>
                <left>610</left>
                <height>360</height>
                <width>600</width>
                <aspectratio>stretch</aspectratio>
                <align>top</align>
                <texture>$INFO[Container(5001).ListItem.Property(image)]</texture>
                <fadetime>100</fadetime>
            </control>
            <control type="fixedlist" id="5001">
                <pagecontrol>5060</pagecontrol>
                <left>0</left>
                <top>70</top>
                <width>530</width>
                <height>360</height>
                <onup>5001</onup>
                <ondown>5001</ondown>
                <onright>5060</onright>
                <scrolltime tween="sine">200</scrolltime>
                <orientation>Vertical</orientation>
                <focusposition>1</focusposition>
                <movement>2</movement>
                <itemlayout height="90" width="530">
                    <control type="label">
                        <left>70</left>
                        <width max="440">auto</width>
                        <height>90</height>
                        <font>font12</font> <!-- FEN_26 -->
                        <textcolor>FFCCCCCC</textcolor>
                        <align>left</align>
                        <aligny>center</aligny>
                        <label>[UPPERCASE]$INFO[ListItem.Property(name)][/UPPERCASE]</label>
                    </control>
                </itemlayout>
                <focusedlayout height="90" width="530">
                    <control type="group">
                        <animation effect="fade" start="100" end="50" time="0" condition="!Control.HasFocus(5001)">Conditional</animation>
                        <height>90</height>
                        <control type="image">
                            <width>530</width>
                            <texture colordiffuse="FFCCCCCC" border="30">common/circle.png</texture>
                        </control>
                        <control type="image">
                            <width>60</width>
                            <texture colordiffuse="$INFO[Window(10000).Property(fen.highlight)]" border="30">common/left-circle.png</texture>
                        </control>
                    </control>
                    <control type="label">
                        <left>70</left>
                        <width max="440">auto</width>
                        <height>90</height>
                        <font>font12</font> <!-- FEN_26 -->
                        <textcolor>FF4a4347</textcolor>
                        <align>left</align>
                        <aligny>center</aligny>
                        <label>[UPPERCASE]$INFO[ListItem.Property(name)][/UPPERCASE]</label>
                    </control>
                </focusedlayout>
            </control>
            <control type="scrollbar" id="5060">
                <top>70</top>
                <left>550</left>
                <width>20</width>
                <height>360</height>
                <onleft>5001</onleft>
                <onright>5001</onright>
                <texturesliderbackground colordiffuse="FF302F2F">common/white.png</texturesliderbackground>
                <texturesliderbar colordiffuse="FF555556">common/white.png</texturesliderbar>
                <texturesliderbarfocus colordiffuse="$INFO[Window(10000).Property(fen.highlight)]">common/white.png</texturesliderbarfocus>
                <showonepage>false</showonepage>
                <orientation>vertical</orientation>
                <visible>Control.IsVisible(5001)</visible>
            </control>
        </control>
    </controls>
</window>
