<favourites>
    <favourite name="[B]Twilight[/B]" thumb="special://home/media/build_icons/Twilight/Icon/twilight_icon.png">RunAddon("plugin.video.twilight")</favourite>
    <favourite name="[B][COLOR orange]חיבור שירותים להרחבת Twilight[/COLOR][/B]" thumb="special://home/media/build_icons/Twilight/Connect_Services/twilight_connect_services.jpg">ActivateWindow(10025,"plugin://plugin.video.twilight/?iconImage=https%3a%2f%2fi.imgur.com%2f4xBbqSw.png&amp;mode=navigator.accounts_manager",return)</favourite>
    <favourite name="[B]סטטוס מנוי Real Debrid[/B]" thumb="special://home/media/build_icons/Twilight/RD_Status/RD_Account_Status.png">PlayMedia("plugin://plugin.video.twilight/?mode=real_debrid.rd_account_info&amp;isFolder=false&amp;iconImage=https%3A%2F%2Fi.imgur.com%2FDotYAc3.png")</favourite>
    <favourite name="[B]בדיקת מהירות[/B]" thumb="special://home/media/build_icons/Speed_Test/speed_test_icon.png">PlayMedia("plugin://plugin.program.kodirealdebridisraelwizard/?mode=build_speed_test")</favourite>
    <favourite name="[B]עידן+ פלוס[/B]" thumb="special://home/media/build_icons/Idan_Plus/idan_plus.png">RunAddon(plugin.video.idanplus)</favourite>
    <favourite name="[B][COLOR yellow]אשף ההתקנה - Wizard[/COLOR][/B]" thumb="special://home/media/build_icons/Wizard/wizard.png">RunAddon("plugin.program.kodirealdebridisraelwizard")</favourite>
    <favourite name="[B][COLOR blue]עדכון מהיר - Wizard[/COLOR][/B]" thumb="special://home/media/build_icons/Wizard/fast_update.png">PlayMedia("plugin://plugin.program.kodirealdebridisraelwizard/?mode=install&amp;action=quick_update&amp;name=%D7%A7%D7%95%D7%93%D7%99+%D7%A8%D7%99%D7%9C+%D7%93%D7%91%D7%A8%D7%99%D7%93+%D7%99%D7%A9%D7%A8%D7%90%D7%9C&amp;auto_quick_update=false")</favourite>
    <favourite name="[B]שליחת לוג[/B]" thumb="special://home/media/build_icons/Twilight/Send_Log/twilight_send_log.png">PlayMedia("plugin://plugin.video.twilight/?mode=upload_logfile&amp;isFolder=false&amp;iconImage=https%3A%2F%2Fi.imgur.com%2FXbEEv9X.png")</favourite>
</favourites>
