<?xml version="1.0" encoding="UTF-8"?>
<window>
    <coordinates>
        <left>400</left>
        <top>250</top>
    </coordinates>
    <controls>
        <control type="group">
            <control type="image">
                <left>0</left>
                <top>0</top>
                <width>1120</width>
                <height>600</height>
                <texture border="2">Background/ContentPanel.jpg</texture>
            </control>
            <control type="image" id="101">
                <left>10</left>
                <top>10</top>
                <width>1100</width>
                <height>580</height>
            </control>
            <control type="image" id="102">
                <left>30</left>
                <top>125</top>
                <width>450</width>
                <height>600</height>
                <aspectratio aligny="top" align="center">keep</aspectratio>
            </control>
            <control type="textbox" id="103">
                <left>500</left>
                <top>75</top>
                <width>575</width>
                <height>300</height>
                <font>font13</font>
                <align>right</align>
                <aligny>top</aligny>
            </control>
			<control type="button" id="104">
                <left>830</left>
                <top>200</top>
                <width>260</width>
                <height>100</height>
                <font>font13</font>
                <textcolor>FFF0F0F0</textcolor>
                <label>Real Debrid</label>
                <align>center</align>
                <aligny>center</aligny>
                <texturefocus colordiffuse="FF12B2E7">Button/testbuttonfo.png</texturefocus>
                <texturenofocus>Button/testbuttonnf.png</texturenofocus>
                <onleft>105</onleft>
                <ondown>106</ondown>
            </control>
			<control type="button" id="105">
                <left>500</left>
                <top>200</top>
                <width>260</width>
                <height>100</height>
                <font>font13</font>
                <textcolor>FFF0F0F0</textcolor>
                <label>Trakt</label>
                <align>center</align>
                <aligny>center</aligny>
                <texturefocus colordiffuse="FF12B2E7">Button/testbuttonfo.png</texturefocus>
                <texturenofocus>Button/testbuttonnf.png</texturenofocus>
                <onright>104</onright>
                <ondown>106</ondown>
            </control>
			<control type="button" id="106">
                <left>830</left>
                <top>340</top>
                <width>260</width>
                <height>100</height>
                <font>font13</font>
                <textcolor>FFF0F0F0</textcolor>
                <label>All Debrid</label>
                <align>center</align>
                <aligny>center</aligny>
                <texturefocus colordiffuse="FF12B2E7">Button/testbuttonfo.png</texturefocus>
                <texturenofocus>Button/testbuttonnf.png</texturenofocus>
                <onup>104</onup>
                <ondown>120</ondown>
			</control>
            <control type="button" id="120">
                <left>830</left>
                <top>500</top>
                <width>260</width>
                <height>60</height>
                <font>font13</font>
                <textcolor>FFF0F0F0</textcolor>
                <textoffsetx>20</textoffsetx>
                <label>סגור</label>
                <align>center</align>
                <aligny>center</aligny>
                <texturefocus colordiffuse="FF12B2E7">Button/testbuttonfo.png</texturefocus>
                <texturenofocus>Button/testbuttonnf.png</texturenofocus>
                <onup>106</onup>
            </control>
        </control>
    </controls>
</window>
