<?xml version="1.0" encoding="UTF-8"?>
<window>
	<zorder>3</zorder>
	<controls>
		<control type="group">
			<depth>DepthMax</depth>
			<top>100</top>
			<right>0</right>
			<width>720</width>
			<include>OpenClose_Right</include>
			<visible>String.IsEmpty(Window(Home).Property(script.cinemavision.running))</visible>
			<control type="image">
				<left>0</left>
				<top>0</top>
				<width>720</width>
				<height>160</height>
				<texture colordiffuse="button_focus">masks/dialog-notification-border.png</texture>
				<bordersize>15</bordersize>
			</control>
			<control type="image">
				<left>0</left>
				<top>0</top>
				<width>720</width>
				<height>160</height>
				<texture colordiffuse="dialog_bg">masks/dialog-notification.png</texture>
				<bordersize>17</bordersize>
			</control>
			<control type="image" id="400">
				<description>avatar</description>
				<left>590</left>
				<top>25</top>
				<width>110</width>
				<height>110</height>
				<aspectratio>stretch</aspectratio>
			</control>
			<control type="fadelabel" id="401">
				<description>Line 1 Label</description>
				<left>0</left>
				<top>40</top>
				<width>580</width>
				<height>18</height>
				<font>font37</font>
				<align>right</align>
				<aligny>center</aligny>
				<scrollout>false</scrollout>
				<pauseatend>2000</pauseatend>
			</control>
			<control type="fadelabel" id="402">
				<description>Line 2 Label</description>
				<left>40</left>
				<top>68</top>
				<width>540</width>
				<height>60</height>
				<font>font27_narrow</font>
				<align>right</align>
				<aligny>center</aligny>
				<scrollout>false</scrollout>
				<pauseatend>2000</pauseatend>
			</control>
		</control>
	</controls>
</window>
