<addon id="plugin.video.pov" version="5.12.04" name="POV" provider-name="kodifitzwell">
	<requires>
		<import addon="xbmc.python" version="3.0.0" />
		<import addon="script.module.requests" />
	</requires>
	<extension point="xbmc.python.pluginsource" library="resources/lib/router.py">
		<provides>video</provides>
	</extension>
	<extension point="xbmc.service" library="resources/lib/service.py" />
	<extension point="xbmc.addon.metadata">
		<reuselanguageinvoker>true</reuselanguageinvoker>
		<license>GNU GENERAL PUBLIC LICENSE. Version 3, 29 June 2007</license>
		<disclaimer lang="en">The author of this addon does not host any of the content which is found and has no affiliation with any of the content providers.[CR]The author is in no way affiliated with Kodi, Team Kodi, or the XBMC Foundation.</disclaimer>
		<summary>What you like to watch.[CR]</summary>
		<description lang="en">This is a Non-profit resource, organized solely for educational purposes which is protected under the Fair-Use doctrine of the Copyright Act, Specifically section 107, which does promote freedom of expression, by permitting the unlicensed use of copyright-protected works.</description>
		<news>INFO: For latest changes see Changelog within add-on.</news>
		<assets><icon>pov.png</icon><fanart>pov_fanart.png</fanart></assets>
	</extension>
</addon>

