<sources>
    <programs>
        <default pathversion="1"></default>
    </programs>
    <video>
        <default pathversion="1"></default>
    </video>
    <music>
        <default pathversion="1"></default>
    </music>
    <pictures>
        <default pathversion="1"></default>
    </pictures>
    <files>
        <default pathversion="1"></default>
        <source>
            <name>repository.KodiRealDebridIsrael</name>
            <path pathversion="1">https://kodi7rd.github.io/</path>
            <allowsharing>true</allowsharing>
        </source>
        <source>
            <name>repository.KodiRealDebridIsrael-Wizard</name>
            <path pathversion="1">https://kodi7rd.github.io/wizard/</path>
            <allowsharing>true</allowsharing>
        </source>
        <source>
            <name>repository.Fen</name>
            <path pathversion="1">https://tikipeter.github.io/</path>
            <allowsharing>true</allowsharing>
        </source>
        <source>
            <name>repository.FishenzonIdanPlus</name>
            <path pathversion="1">https://fishenzon.github.io/</path>
            <allowsharing>true</allowsharing>
        </source>
        <source>
            <name>repository.peno64</name>
            <path pathversion="1">https://peno64.github.io/repository.peno64/</path>
            <allowsharing>true</allowsharing>
        </source>
        <source>
            <name>repository.Aenemapy</name>
            <path pathversion="1">https://aenemapy.github.io/repo/</path>
            <allowsharing>true</allowsharing>
        </source>
    </files>
    <games>
        <default pathversion="1"></default>
    </games>
</sources>
