<?xml version="1.0" encoding="UTF-8" standalone="yes"?>
<addon id="plugin.program.kodirealdebridisraelwizard" name="[COLOR blue]Kodi + Real Debrid Israel Mini Build Wizard[/COLOR]" version="1.0.0" provider-name="KodiRealDebridIsrael">
  <requires>
        <import addon="xbmc.python" version="3.0.0"/>
        <import addon="script.module.six" />
        <import addon="script.module.kodi-six" />
  </requires>
  <extension point="xbmc.python.pluginsource" library="default.py">
    <provides>executable</provides>
  </extension>
  <extension point="xbmc.service" library="startup.py" start="startup" />
    <extension point="xbmc.addon.metadata">
        <summary lang="en"></summary>
        <description lang="en"></description>
        <platform>all</platform>
        <license></license>
        <disclaimer lang="en"></disclaimer>
        <assets>
            <icon>icon.png</icon>
            <fanart>fanart.jpg</fanart>
        </assets>
    </extension>
</addon>