<?xml version="1.0" encoding="UTF-8"?>
<window type="dialog" id="1107">
	<defaultcontrol always="true">9000</defaultcontrol>
	<include>Animation_DialogPopupOpenClose</include>
	<controls>
		<control type="group">
			<centerleft>50%</centerleft>
			<width>600</width>
			<centertop>60%</centertop>
			<height>700</height>
			<include content="DialogBackgroundCommons">
				<param name="width" value="600" />
				<param name="height" value="80" />
				<param name="header_label" value="$LOCALIZE[137]" />
				<param name="header_id" value="" />
			</include>
			<control type="panel" id="9000">
				<include>ButtonMenuList</include>
				<content>
					<item>
						<label>[B]חיפוש סרט[/B]</label>
						<onclick>Dialog.Close(all)</onclick>
						<onclick>ActivateWindow(Videos,"plugin://plugin.video.fen/?mode=history.search&amp;action=movie&amp;iconImage=https%3A%2F%2Fi.imgur.com%2Fu8jgyN3.png",return)</onclick>
					</item>
					<item>
						<label>[B]חיפוש סדרה[/B]</label>
						<onclick>Dialog.Close(all)</onclick>
						<onclick>ActivateWindow(Videos,"plugin://plugin.video.fen/?mode=history.search&amp;action=tvshow&amp;iconImage=https%3A%2F%2Fi.imgur.com%2FxYTdX3O.png",return)</onclick>
					</item>
					<item>
						<label>[B]חיפוש שחקן[/B]</label>
						<onclick>Dialog.Close(all)</onclick>
						<onclick>ActivateWindow(Videos,"plugin://plugin.video.fen/?mode=history.search&amp;action=people&amp;iconImage=https%3A%2F%2Fi.imgur.com%2FF1EZyWz.png",return)</onclick>
					</item>
					<item>
						<label>[B]חיפוש קולקציית סרטים[/B]</label>
						<onclick>Dialog.Close(all)</onclick>
						<onclick>ActivateWindow(Videos,"plugin://plugin.video.fen/?mode=history.search&amp;action=tmdb_movie_sets&amp;iconImage=https%3A%2F%2Fi.imgur.com%2Fr0ITv0C.png",return)</onclick>
					</item>
					<!-- <item>
						<label>$LOCALIZE[31113]</label>
						<onclick>Dialog.Close(all)</onclick>
						<onclick condition="System.AddonIsEnabled(script.globalsearch)">
							RunScript(script.globalsearch)</onclick>
						<onclick
							condition="System.HasAddon(script.globalsearch) + !System.AddonIsEnabled(script.globalsearch)">
							EnableAddon(script.globalsearch)</onclick>
						<onclick condition="!System.HasAddon(script.globalsearch)">
							InstallAddon(script.globalsearch)</onclick>
					</item> -->
				</content>
			</control>
		</control>
	</controls>
</window>