<favourites>
    <favourite name="[B]Twilight[/B]" thumb="special://home/media/build_icons/Twilight/Icon/twilight_icon.png">RunAddon(&quot;plugin.video.twilight&quot;)</favourite>
    <favourite name="[B][COLOR orange]חיבור שירותים להרחבת Twilight[/COLOR][/B]" thumb="special://home/media/build_icons/Twilight/Connect_Services/twilight_connect_services.jpg">ActivateWindow(10025,&quot;plugin://plugin.video.twilight/?iconImage=https%3a%2f%2fi.imgur.com%2f4xBbqSw.png&amp;mode=navigator.accounts_manager&quot;,return)</favourite>
    <favourite name="[B]סטטוס מנוי Real Debrid[/B]" thumb="special://home/media/build_icons/Twilight/RD_Status/RD_Account_Status.png">PlayMedia(&quot;plugin://plugin.video.twilight/?mode=real_debrid.rd_account_info&amp;isFolder=false&amp;iconImage=https%3A%2F%2Fi.imgur.com%2FDotYAc3.png&quot;)</favourite>
    <favourite name="[B]שליחת לוג[/B]" thumb="special://home/media/build_icons/Twilight/Send_Log/twilight_send_log.png">PlayMedia(&quot;plugin://plugin.video.twilight/?mode=upload_logfile&amp;isFolder=false&amp;iconImage=https%3A%2F%2Fi.imgur.com%2FXbEEv9X.png&quot;)</favourite>
    <favourite name="[B]עידן+ פלוס[/B]" thumb="special://home/media/build_icons/Idan_Plus/idan_plus.png">RunAddon(plugin.video.idanplus)</favourite>
    <favourite name="[B][COLOR yellow]אשף ההתקנה - Wizard[/COLOR][/B]" thumb="special://home/media/build_icons/Wizard/wizard.png">RunAddon(&quot;plugin.program.kodirealdebridisraelwizard&quot;)</favourite>
    <favourite name="[B][COLOR blue]עדכון מהיר[/COLOR][/B]" thumb="special://home/media/build_icons/Wizard/fast_update.png">PlayMedia(&quot;plugin://plugin.program.kodirealdebridisraelwizard/?mode=install&amp;action=gui&amp;name=%D7%91%D7%99%D7%9C%D7%93+%D7%A1%D7%A7%D7%99%D7%9F+FENtastic+-+%D7%9C%D7%9E%D7%9B%D7%A9%D7%99%D7%A8%D7%99%D7%9D+%D7%97%D7%96%D7%A7%D7%99%D7%9D%21&quot;)</favourite>
    <favourite name="[B]הגדרות DarkSubs[/B]" thumb="special://home/addons/service.subtitles.All_Subs/icon.png">Addon.OpenSettings(service.subtitles.All_Subs)</favourite>
</favourites>
