<?xml version="1.0" encoding="utf-8"?>
<window type="dialog" id="1119">
	<defaultcontrol always="true">70</defaultcontrol>
	<onunload>ClearProperty(TextViewerHeader,Home)</onunload>
	<onunload>ClearProperty(TextViewerSubHeader,Home)</onunload>
	<onunload>ClearProperty(TextViewerContent,Home)</onunload>
  <onunload>ClearProperty(AddonVersion,Home)</onunload>
	<onunload>ClearProperty(SetupGuide,skinsettings)</onunload>
	<include>Animation_DialogPopupOpenClose</include>
	<controls>
		<control type="button" id="70">
			<oninfo>Dialog.Close(1119)</oninfo>
			<onclick>Dialog.Close(1119)</onclick>
			<onleft>Dialog.Close(1119)</onleft>
			<onright>Dialog.Close(1119)</onright>
			<onup condition="String.IsEmpty(Window(skinsettings).Property(SetupGuide))">PageUp(68)</onup>
			<ondown condition="String.IsEmpty(Window(skinsettings).Property(SetupGuide))">PageDown(68)</ondown>
			<onup condition="!String.IsEmpty(Window(skinsettings).Property(SetupGuide))">PageUp(69)</onup>
			<ondown condition="!String.IsEmpty(Window(skinsettings).Property(SetupGuide))">PageDown(69)</ondown>
			<include>HiddenObject</include>
		</control>
		<control type="group" id="35">
			<left>13%</left>
			<centertop>45%</centertop>
			<height>870</height>
			<include content="DialogBackgroundCommons">
				<param name="width" value="84%" />
				<param name="height" value="975" />
				<param name="header_label" value="$INFO[Window(home).Property(TextViewer_Header)]" />
				<param name="header_id" value="1" />
			</include>
			<control type="label">
				<left>1%</left>
					<top>10</top>
					<width>82%</width>
					<height>675</height>
					<shadowcolor>black</shadowcolor>
					<font>font37</font>
				<label>$INFO[Window(Home).Property(TextViewerHeader)]</label>
			</control>
			<control type="label">
				<left>1%</left>
					<top>85</top>
					<width>82%</width>
					<height>675</height>
					<shadowcolor>black</shadowcolor>
					<font>font37</font>
				<label>$INFO[Window(Home).Property(TextViewerSubHeader)]</label>
			</control>
			<control type="textbox">
				<left>1%</left>
					<top>85</top>
					<width>82%</width>
					<height>675</height>
					<shadowcolor>black</shadowcolor>
					<pagecontrol>68</pagecontrol>
					<font>font37</font>
				<label>$INFO[Window(Home).Property(TextViewerContent)]</label>
				<visible>String.IsEmpty(Window(skinsettings).Property(SetupGuide))</visible>
			</control>
			<control type="textbox">
				<left>3%</left>
				<top>105</top>
				<width>79%</width>
				<height>820</height>
				<shadowcolor>black</shadowcolor>
				<pagecontrol>69</pagecontrol>
				<font>font37</font>
				<include>SetupGuide</include>
				<visible>!String.IsEmpty(Window(skinsettings).Property(SetupGuide))</visible>
				<autoscroll delay="15000" time="4000" repeat="15000">Skin.HasSetting(autoscroll)</autoscroll>
			</control>
			<!-- <control type="button">
				<centerleft>50%</centerleft>
				<top>113</top>
				<width>48</width>
				<height>20</height>
				<onclick>SetFocus(1000)</onclick>
				<onclick>Up</onclick>
				<texturefocus colordiffuse="button_focus" flipy="true">overlays/arrowdown.png</texturefocus>
				<texturenofocus colordiffuse="button_focus" flipy="true">overlays/arrowdown.png</texturenofocus>
				<visible>Control.IsVisible(3000) + Integer.IsGreater(Container(2000).CurrentPage,1)</visible>
				<animation effect="zoom" start="100,0" end="100,100" center="auto" time="200" delay="10">VisibleChange</animation>
			</control>
			<control type="button">
				<centerleft>50%</centerleft>
				<top>940</top>
				<width>48</width>
				<height>20</height>
				<onclick>SetFocus(1000)</onclick>
				<onclick>Down</onclick>
				<texturefocus colordiffuse="button_focus">overlays/arrowdown.png</texturefocus>
				<texturenofocus colordiffuse="button_focus">overlays/arrowdown.png</texturenofocus>
				<visible>Control.IsVisible(3000) + !String.IsEqual(Container(2000).CurrentPage,Container(2000).NumPages)</visible>
				<animation effect="zoom" start="100,0" end="100,100" center="auto" time="200" delay="10">VisibleChange</animation>
			</control> -->
			<control type="scrollbar" id="68">
				<left>1390</left>
				<top>70</top>
				<bottom>-104</bottom>
				<width>13</width>
				<ondown>68</ondown>
				<onup>68</onup>
				<texturesliderbackground />
				<visible>String.IsEmpty(Window(skinsettings).Property(SetupGuide))</visible>
			</control>
			<control type="scrollbar" id="69">
				<left>1390</left>
				<top>70</top>
				<bottom>-104</bottom>
				<width>13</width>
				<ondown>68</ondown>
				<onup>68</onup>
				<texturesliderbackground />
				<visible>!String.IsEmpty(Window(skinsettings).Property(SetupGuide))</visible>
			</control>
		</control>
	</controls>
</window>
