<?xml version="1.0" encoding="UTF-8"?>
<includes>
    <include name="MovieCategoryWidgetTop">
        <include content="WidgetListCategories">
            <param name="content_path" value="plugin://plugin.video.fen/?mode=history.search&amp;action=movie&amp;name=Movies&amp;iconImage=https%3A%2F%2Fi.imgur.com%2Fu8jgyN3.png"/>
            <param name="widget_header" value="[B]חיפוש סרט[/B]"/>
            <param name="widget_target" value="videos"/>
            <param name="list_id" value="19009"/>
        </include>
    </include>
</includes>