<?xml version="1.0" encoding="UTF-8"?>
<includes>
    <include name="TVShowCategoryWidgetTop">
        <include content="WidgetListCategories">
            <param name="content_path" value="plugin://plugin.video.fen/?mode=history.search&amp;action=tvshow&amp;name=TV+Shows&amp;iconImage=https%3A%2F%2Fi.imgur.com%2FxYTdX3O.png"/>
            <param name="widget_header" value="[B]חיפוש סדרה[/B]"/>
            <param name="widget_target" value="videos"/>
            <param name="list_id" value="22009"/>
        </include>
    </include>
</includes>