<?xml version="1.0" encoding="UTF-8"?>
<includes>
    <include name="TVShowCategoryWidgetTop">
        <include content="WidgetListCategories">
            <param name="content_path" value="plugin://plugin.video.idanplus/?name=%5BB%5DVOD%5B%2FB%5D&amp;url=&amp;mode=2&amp;iconimage=C%253A%255CUsers%255Cbarro%255CAppData%255CRoaming%255CKodi%255Caddons%255Cplugin.video.idanplus%255Cicon.png&amp;module=&amp;moredata="/>
            <param name="widget_header" value="[B]עידן+ פלוס VOD[/B]"/>
            <param name="widget_target" value="videos"/>
            <param name="list_id" value="22009"/>
        </include>
    </include>
</includes>