<?xml version="1.0" encoding="UTF-8"?>
<window>
    <coordinates>
        <left>635</left>
        <top>160</top>
    </coordinates>
    <controls>
        <control type="group">
            <control type="image">
                <description>Background Image</description>
                <posx>0</posx>
                <posy>0</posy>
                <width>650</width>
                <height>700</height>
                <texture border="2">Background/ContentPanel.png</texture>
            </control>
            <control type="image">
                <description>Dialog Header image</description>
                <posx>0</posx>
                <posy>0</posy>
                <width>650</width>
                <height>50</height>
                <texture colordiffuse="FF12B2E7" border="2">Background/loguploader-white.png</texture>
            </control>
            <control type="label" id="101">
                <description>header label</description>
                <posx>0</posx>
                <posy>0</posy>
                <width>650</width>
                <height>50</height>
                <font>font14</font>
                <label></label>
                <align>center</align>
                <aligny>center</aligny>
                <shadowcolor>FF000000</shadowcolor>
            </control>
            <control type="textbox" id="102">
                <left>20</left>
                <top>60</top>
                <width>610</width>
                <height>80</height>
                <font>font13</font>
                <align>right</align>
                <aligny>top</aligny>
                <label>מאחר שזו ההפעלה הראשונה של האשף, האם ברצונך לאפשר אחת מההגדרות הבאות?</label>
            </control>
        </control>
	    <!-- Scrollbar --> 
	    <control type="scrollbar" id="17">
	      <left>630</left>
	      <top>139</top>
	      <width>15</width>
	      <height>420</height>
	      <visible>true</visible>
	      <texturesliderbarfocus colordiffuse="99ffffff" border="4">scrollbar.png</texturesliderbarfocus>
	      <pulseonselect>True</pulseonselect>
	      <orientation>vertical</orientation>
	      <showonepage>False</showonepage>
	      <onleft>9000</onleft>
	    </control> 
        <control type="grouplist" id="9000">
            <left>20</left>
            <top>140</top>
            <width>610</width>
            <height>570</height>
            <itemgap>-3</itemgap>
            <align>top</align>
            <pagecontrol>17</pagecontrol>
            <orientation>vertical</orientation>
            <onup>201</onup>
            <ondown>201</ondown>
            <onleft>201</onleft>
            <onright>17</onright>
			<!-- KODI_RD_ISRAEL Note: Every commented control setting is also commented in window.py -->
            <control type="radiobutton" id="317">
                <width>610</width>
                <height>40</height>
                <textwidth>565</textwidth>
                <align>right</align>
                <textoffsetx>45</textoffsetx>
                <radioheight>45</radioheight>
                <radioposx>530</radioposx>
                <label>GitHub-קבל הגדרות שמירת נתונים מ</label>
                <font>font13</font>
				<textcolor>FFCCCC00</textcolor>
                <texturefocus colordiffuse="FF12B2E7">RadioButton/MenuItemFO.png</texturefocus>
                <texturenofocus>RadioButton/MenuItemNF.png</texturenofocus>
                <textureradioonfocus colordiffuse="FF12B2E7">RadioButton/radiobutton-focus.png</textureradioonfocus>
                <textureradioonnofocus colordiffuse="FF12B2E7">RadioButton/radiobutton-focus.png</textureradioonnofocus>
                <textureradioofffocus colordiffuse="FF12B2E7">RadioButton/radiobutton-focus.png</textureradioofffocus>
                <textureradiooffnofocus>RadioButton/radiobutton-nofocus.png</textureradiooffnofocus>
            </control>
            <control type="radiobutton" id="301">
                <width>610</width>
                <height>40</height>
                <textwidth>565</textwidth>
                <align>right</align>
                <textoffsetx>45</textoffsetx>
                <radioheight>45</radioheight>
                <radioposx>530</radioposx>
                <label>שמירת חיבור למשתמש Trakt</label>
                <font>font13</font>
				<textcolor>FFCCCC00</textcolor>
                <texturefocus colordiffuse="FF12B2E7">RadioButton/MenuItemFO.png</texturefocus>
                <texturenofocus>RadioButton/MenuItemNF.png</texturenofocus>
                <textureradioonfocus colordiffuse="FF12B2E7">RadioButton/radiobutton-focus.png</textureradioonfocus>
                <textureradioonnofocus colordiffuse="FF12B2E7">RadioButton/radiobutton-focus.png</textureradioonnofocus>
                <textureradioofffocus colordiffuse="FF12B2E7">RadioButton/radiobutton-focus.png</textureradioofffocus>
                <textureradiooffnofocus>RadioButton/radiobutton-nofocus.png</textureradiooffnofocus>
            </control>
            <control type="radiobutton" id="302">
                <width>610</width>
                <height>40</height>
                <textwidth>565</textwidth>
                <align>right</align>
                <textoffsetx>45</textoffsetx>
                <radioheight>45</radioheight>
                <radioposx>530</radioposx>
                <label>שמירת חיבור למשתמש Real Debrid</label>
                <font>font13</font>
				<textcolor>FFCCCC00</textcolor>
                <texturefocus colordiffuse="FF12B2E7">RadioButton/MenuItemFO.png</texturefocus>
                <texturenofocus>RadioButton/MenuItemNF.png</texturenofocus>
                <textureradioonfocus colordiffuse="FF12B2E7">RadioButton/radiobutton-focus.png</textureradioonfocus>
                <textureradioonnofocus colordiffuse="FF12B2E7">RadioButton/radiobutton-focus.png</textureradioonnofocus>
                <textureradioofffocus colordiffuse="FF12B2E7">RadioButton/radiobutton-focus.png</textureradioofffocus>
                <textureradiooffnofocus>RadioButton/radiobutton-nofocus.png</textureradiooffnofocus>
            </control>
            <control type="radiobutton" id="316">
                <width>610</width>
                <height>40</height>
                <textwidth>565</textwidth>
                <align>right</align>
                <textoffsetx>45</textoffsetx>
                <radioheight>45</radioheight>
                <radioposx>530</radioposx>
                <label>שמירת מועדפי Fen (הסרטים/הסדרות שלי)</label>
                <font>font13</font>
				<textcolor>FFCCCC00</textcolor>
                <texturefocus colordiffuse="FF12B2E7">RadioButton/MenuItemFO.png</texturefocus>
                <texturenofocus>RadioButton/MenuItemNF.png</texturenofocus>
                <textureradioonfocus colordiffuse="FF12B2E7">RadioButton/radiobutton-focus.png</textureradioonfocus>
                <textureradioonnofocus colordiffuse="FF12B2E7">RadioButton/radiobutton-focus.png</textureradioonnofocus>
                <textureradioofffocus colordiffuse="FF12B2E7">RadioButton/radiobutton-focus.png</textureradioofffocus>
                <textureradiooffnofocus>RadioButton/radiobutton-nofocus.png</textureradiooffnofocus>
            </control>
            <control type="radiobutton" id="307">
                <width>610</width>
                <height>40</height>
                <textwidth>565</textwidth>
                <align>right</align>
                <textoffsetx>45</textoffsetx>
                <radioheight>45</radioheight>
                <radioposx>530</radioposx>
                <label>שמירת מועדפים קודי Favourites.xml</label>
                <font>font13</font>
				<textcolor>FFCCCC00</textcolor>
                <texturefocus colordiffuse="FF12B2E7">RadioButton/MenuItemFO.png</texturefocus>
                <texturenofocus>RadioButton/MenuItemNF.png</texturenofocus>
                <textureradioonfocus colordiffuse="FF12B2E7">RadioButton/radiobutton-focus.png</textureradioonfocus>
                <textureradioonnofocus colordiffuse="FF12B2E7">RadioButton/radiobutton-focus.png</textureradioonnofocus>
                <textureradioofffocus colordiffuse="FF12B2E7">RadioButton/radiobutton-focus.png</textureradioofffocus>
                <textureradiooffnofocus>RadioButton/radiobutton-nofocus.png</textureradiooffnofocus>
            </control>
            <control type="radiobutton" id="315">
                <width>610</width>
                <height>40</height>
                <textwidth>565</textwidth>
                <align>right</align>
                <textoffsetx>45</textoffsetx>
                <radioheight>45</radioheight>
                <radioposx>530</radioposx>
                <label>שמירת הגדרות קודי פנימיות</label>
                <font>font13</font>
				<textcolor>FFCCCC00</textcolor>
                <texturefocus colordiffuse="FF12B2E7">RadioButton/MenuItemFO.png</texturefocus>
                <texturenofocus>RadioButton/MenuItemNF.png</texturenofocus>
                <textureradioonfocus colordiffuse="FF12B2E7">RadioButton/radiobutton-focus.png</textureradioonfocus>
                <textureradioonnofocus colordiffuse="FF12B2E7">RadioButton/radiobutton-focus.png</textureradioonnofocus>
                <textureradioofffocus colordiffuse="FF12B2E7">RadioButton/radiobutton-focus.png</textureradioofffocus>
                <textureradiooffnofocus>RadioButton/radiobutton-nofocus.png</textureradiooffnofocus>
            </control>
            <control type="radiobutton" id="304">
                <width>610</width>
                <height>40</height>
                <textwidth>565</textwidth>
                <align>right</align>
                <textoffsetx>45</textoffsetx>
                <radioheight>45</radioheight>
                <radioposx>530</radioposx>
                <label>שמירת Sources.xml</label>
                <font>font13</font>
				<textcolor>FFCCCC00</textcolor>
                <texturefocus colordiffuse="FF12B2E7">RadioButton/MenuItemFO.png</texturefocus>
                <texturenofocus>RadioButton/MenuItemNF.png</texturenofocus>
                <textureradioonfocus colordiffuse="FF12B2E7">RadioButton/radiobutton-focus.png</textureradioonfocus>
                <textureradioonnofocus colordiffuse="FF12B2E7">RadioButton/radiobutton-focus.png</textureradioonnofocus>
                <textureradioofffocus colordiffuse="FF12B2E7">RadioButton/radiobutton-focus.png</textureradioofffocus>
                <textureradiooffnofocus>RadioButton/radiobutton-nofocus.png</textureradiooffnofocus>
            </control>
            <control type="radiobutton" id="306">
                <width>610</width>
                <height>40</height>
                <textwidth>565</textwidth>
                <align>right</align>
                <textoffsetx>45</textoffsetx>
                <radioheight>45</radioheight>
                <radioposx>530</radioposx>
                <label>שמירת AdvancedSettings.xml</label>
                <font>font13</font>
				<textcolor>FFCCCC00</textcolor>
                <texturefocus colordiffuse="FF12B2E7">RadioButton/MenuItemFO.png</texturefocus>
                <texturenofocus>RadioButton/MenuItemNF.png</texturenofocus>
                <textureradioonfocus colordiffuse="FF12B2E7">RadioButton/radiobutton-focus.png</textureradioonfocus>
                <textureradioonnofocus colordiffuse="FF12B2E7">RadioButton/radiobutton-focus.png</textureradioonnofocus>
                <textureradioofffocus colordiffuse="FF12B2E7">RadioButton/radiobutton-focus.png</textureradioofffocus>
                <textureradiooffnofocus>RadioButton/radiobutton-nofocus.png</textureradiooffnofocus>
            </control>
            <control type="radiobutton" id="309">
                <width>610</width>
                <height>40</height>
                <textwidth>565</textwidth>
                <align>right</align>
                <textoffsetx>45</textoffsetx>
                <radioheight>45</radioheight>
                <radioposx>530</radioposx>
                <label>שמירת מאגרי הרחבות</label>
                <font>font13</font>
				<textcolor>FFCCCC00</textcolor>
                <texturefocus colordiffuse="FF12B2E7">RadioButton/MenuItemFO.png</texturefocus>
                <texturenofocus>RadioButton/MenuItemNF.png</texturenofocus>
                <textureradioonfocus colordiffuse="FF12B2E7">RadioButton/radiobutton-focus.png</textureradioonfocus>
                <textureradioonnofocus colordiffuse="FF12B2E7">RadioButton/radiobutton-focus.png</textureradioonnofocus>
                <textureradioofffocus colordiffuse="FF12B2E7">RadioButton/radiobutton-focus.png</textureradioofffocus>
                <textureradiooffnofocus>RadioButton/radiobutton-nofocus.png</textureradiooffnofocus>
            </control>
            <control type="radiobutton" id="310">
                <width>610</width>
                <height>40</height>
                <textwidth>565</textwidth>
                <align>right</align>
                <textoffsetx>45</textoffsetx>
                <radioheight>45</radioheight>
                <radioposx>530</radioposx>
                <label>שמירת הרחבות מותקנות (נדרשת הגדרה)</label>
                <font>font13</font>
				<textcolor>FFCCCC00</textcolor>
                <texturefocus colordiffuse="FF12B2E7">RadioButton/MenuItemFO.png</texturefocus>
                <texturenofocus>RadioButton/MenuItemNF.png</texturenofocus>
                <textureradioonfocus colordiffuse="FF12B2E7">RadioButton/radiobutton-focus.png</textureradioonfocus>
                <textureradioonnofocus colordiffuse="FF12B2E7">RadioButton/radiobutton-focus.png</textureradioonnofocus>
                <textureradioofffocus colordiffuse="FF12B2E7">RadioButton/radiobutton-focus.png</textureradioofffocus>
                <textureradiooffnofocus>RadioButton/radiobutton-nofocus.png</textureradiooffnofocus>
            </control>
            <control type="radiobutton" id="311">
                <width>610</width>
                <height>40</height>
                <textwidth>565</textwidth>
                <align>right</align>
                <textoffsetx>45</textoffsetx>
                <radioheight>45</radioheight>
                <radioposx>530</radioposx>
                <label>ניקוי קאש בהפעלת קודי</label>
                <font>font13</font>
				<textcolor>FFCCCC00</textcolor>
                <texturefocus colordiffuse="FF12B2E7">RadioButton/MenuItemFO.png</texturefocus>
                <texturenofocus>RadioButton/MenuItemNF.png</texturenofocus>
                <textureradioonfocus colordiffuse="FF12B2E7">RadioButton/radiobutton-focus.png</textureradioonfocus>
                <textureradioonnofocus colordiffuse="FF12B2E7">RadioButton/radiobutton-focus.png</textureradioonnofocus>
                <textureradioofffocus colordiffuse="FF12B2E7">RadioButton/radiobutton-focus.png</textureradioofffocus>
                <textureradiooffnofocus>RadioButton/radiobutton-nofocus.png</textureradiooffnofocus>
            </control>
            <control type="radiobutton" id="312">
                <width>610</width>
                <height>40</height>
                <textwidth>565</textwidth>
                <align>right</align>
                <textoffsetx>45</textoffsetx>
                <radioheight>45</radioheight>
                <radioposx>530</radioposx>
                <label>ניקוי חבילות בהפעלת קודי</label>
                <font>font13</font>
				<textcolor>FFCCCC00</textcolor>
                <texturefocus colordiffuse="FF12B2E7">RadioButton/MenuItemFO.png</texturefocus>
                <texturenofocus>RadioButton/MenuItemNF.png</texturenofocus>
                <textureradioonfocus colordiffuse="FF12B2E7">RadioButton/radiobutton-focus.png</textureradioonfocus>
                <textureradioonnofocus colordiffuse="FF12B2E7">RadioButton/radiobutton-focus.png</textureradioonnofocus>
                <textureradioofffocus colordiffuse="FF12B2E7">RadioButton/radiobutton-focus.png</textureradioofffocus>
                <textureradiooffnofocus>RadioButton/radiobutton-nofocus.png</textureradiooffnofocus>
            </control>
            <control type="radiobutton" id="313">
                <width>610</width>
                <height>40</height>
                <textwidth>565</textwidth>
                <align>right</align>
                <textoffsetx>45</textoffsetx>
                <radioheight>45</radioheight>
                <radioposx>530</radioposx>
                <label>ניקוי תמונות ישנות בהפעלת קודי</label>
                <font>font13</font>
				<textcolor>FFCCCC00</textcolor>
                <texturefocus colordiffuse="FF12B2E7">RadioButton/MenuItemFO.png</texturefocus>
                <texturenofocus>RadioButton/MenuItemNF.png</texturenofocus>
                <textureradioonfocus colordiffuse="FF12B2E7">RadioButton/radiobutton-focus.png</textureradioonfocus>
                <textureradioonnofocus colordiffuse="FF12B2E7">RadioButton/radiobutton-focus.png</textureradioonnofocus>
                <textureradioofffocus colordiffuse="FF12B2E7">RadioButton/radiobutton-focus.png</textureradioofffocus>
                <textureradiooffnofocus>RadioButton/radiobutton-nofocus.png</textureradiooffnofocus>
            </control>
			<!--
            <control type="radiobutton" id="303">
                <width>610</width>
                <height>40</height>
                <textwidth>565</textwidth>
                <align>right</align>
                <textoffsetx>45</textoffsetx>
                <radioheight>45</radioheight>
                <radioposx>530</radioposx>
                <label>Keep My Login Data</label>
                <font>font13</font>
                <texturefocus colordiffuse="FF12B2E7">RadioButton/MenuItemFO.png</texturefocus>
                <texturenofocus>RadioButton/MenuItemNF.png</texturenofocus>
                <textureradioonfocus colordiffuse="FF12B2E7">RadioButton/radiobutton-focus.png</textureradioonfocus>
                <textureradioonnofocus colordiffuse="FF12B2E7">RadioButton/radiobutton-focus.png</textureradioonnofocus>
                <textureradioofffocus colordiffuse="FF12B2E7">RadioButton/radiobutton-focus.png</textureradioofffocus>
                <textureradiooffnofocus>RadioButton/radiobutton-nofocus.png</textureradiooffnofocus>
            </control>
			-->
			<!--
            <control type="radiobutton" id="305">
                <width>610</width>
                <height>40</height>
                <textwidth>565</textwidth>
                <align>right</align>
                <textoffsetx>45</textoffsetx>
                <radioheight>45</radioheight>
                <radioposx>530</radioposx>
                <label>Keep My Profiles.xml</label>
                <font>font13</font>
                <texturefocus colordiffuse="FF12B2E7">RadioButton/MenuItemFO.png</texturefocus>
                <texturenofocus>RadioButton/MenuItemNF.png</texturenofocus>
                <textureradioonfocus colordiffuse="FF12B2E7">RadioButton/radiobutton-focus.png</textureradioonfocus>
                <textureradioonnofocus colordiffuse="FF12B2E7">RadioButton/radiobutton-focus.png</textureradioonnofocus>
                <textureradioofffocus colordiffuse="FF12B2E7">RadioButton/radiobutton-focus.png</textureradioofffocus>
                <textureradiooffnofocus>RadioButton/radiobutton-nofocus.png</textureradiooffnofocus>
            </control>
			-->
			<!--
            <control type="radiobutton" id="314">
                <width>610</width>
                <height>40</height>
                <textwidth>565</textwidth>
                <align>right</align>
                <textoffsetx>45</textoffsetx>
                <radioheight>45</radioheight>
                <radioposx>530</radioposx>
                <label>Keep My playercorefactory.xml</label>
                <font>font13</font>
                <texturefocus colordiffuse="FF12B2E7">RadioButton/MenuItemFO.png</texturefocus>
                <texturenofocus>RadioButton/MenuItemNF.png</texturenofocus>
                <textureradioonfocus colordiffuse="FF12B2E7">RadioButton/radiobutton-focus.png</textureradioonfocus>
                <textureradioonnofocus colordiffuse="FF12B2E7">RadioButton/radiobutton-focus.png</textureradioonnofocus>
                <textureradioofffocus colordiffuse="FF12B2E7">RadioButton/radiobutton-focus.png</textureradioofffocus>
                <textureradiooffnofocus>RadioButton/radiobutton-nofocus.png</textureradiooffnofocus>
            </control>
			-->
			<!--
            <control type="radiobutton" id="308">
                <width>610</width>
                <height>40</height>
                <textwidth>565</textwidth>
                <align>right</align>
                <textoffsetx>45</textoffsetx>
                <radioheight>45</radioheight>
                <radioposx>530</radioposx>
                <label>Keep My Super Favourites</label>
                <font>font13</font>
                <texturefocus colordiffuse="FF12B2E7">RadioButton/MenuItemFO.png</texturefocus>
                <texturenofocus>RadioButton/MenuItemNF.png</texturenofocus>
                <textureradioonfocus colordiffuse="FF12B2E7">RadioButton/radiobutton-focus.png</textureradioonfocus>
                <textureradioonnofocus colordiffuse="FF12B2E7">RadioButton/radiobutton-focus.png</textureradioonnofocus>
                <textureradioofffocus colordiffuse="FF12B2E7">RadioButton/radiobutton-focus.png</textureradioofffocus>
                <textureradiooffnofocus>RadioButton/radiobutton-nofocus.png</textureradiooffnofocus>
            </control>
			-->
        </control>
        <control type="group" id="9001">
            <control type="button" id="201">
                <left>350</left>
                <top>610</top>
                <width>300</width>
                <height>90</height>
                <font>font13</font>
				<textcolor>FF00FF00</textcolor>
                <label>מעבר לשלב הבא</label>
                <align>center</align>
                <aligny>center</aligny>
                <onup>9000</onup>
                <ondown>9000</ondown>
                <texturefocus border="40" colordiffuse="FF12B2E7">Button/loguploader-dialogbutton-fo.png</texturefocus>
                <texturenofocus border="40">Button/loguploader-dialogbutton-nofo.png</texturenofocus>
            </control>
        </control>
    </controls>
</window>
