<?xml version="1.0" encoding="UTF-8" standalone="yes" ?>
<fonts>
    <font>
        <filename>DAVID Regular.ttf</filename>
        <familyname>David</familyname>
    </font>
    <font>
        <filename>NarkisDVD.ttf</filename>
        <familyname>Narkisim</familyname>
    </font>
    <font>
        <filename>NarkisTamLight.ttf</filename>
        <familyname>NarkisTam Light</familyname>
    </font>
    <font>
        <filename>NarkisTamLightKodi.ttf</filename>
        <familyname>NarkisTamKODI Light</familyname>
    </font>
    <font>
        <filename>NTAMLI.ttf</filename>
        <familyname>NarkisTam Light</familyname>
    </font>
    <font>
        <filename>Tahoma.ttf</filename>
        <familyname>Tahoma</familyname>
    </font>
    <font>
        <filename>arial.ttf</filename>
        <familyname>Arial</familyname>
    </font>
</fonts>
