<favourites>
    <favourite name="[B]Twilight[/B]" thumb="special://home/media/build_icons/Twilight/Icon/twilight_icon.png">RunAddon(plugin.video.twilight)</favourite>
    <favourite name="[B][COLOR orange]חיבור שירותים להרחבת Twilight[/COLOR][/B]" thumb="special://home/media/build_icons/Twilight/Connect_Services/twilight_connect_services.jpg">ActivateWindow(10025,&quot;plugin://plugin.video.twilight/?iconImage=https%3a%2f%2fi.imgur.com%2f4xBbqSw.png&amp;mode=navigator.accounts_manager&quot;,return)</favourite>
    <favourite name="[B]הסדרות שלי (Trakt)[/B]" thumb="special://home/media/build_icons/Twilight/Shows/My_Shows.png">ActivateWindow(10025,&quot;plugin://plugin.video.twilight/?action=trakt_collection&amp;category_name=TV%20Shows%20Collection&amp;iconImage=https%3a%2f%2fi.imgur.com%2fxihFNwP.png&amp;mode=build_tvshow_list&quot;,return)</favourite>
    <favourite name="[B]הסרטים שלי (Trakt)[/B]" thumb="special://home/media/build_icons/Twilight/Movies/My_Movies.png">ActivateWindow(10025,&quot;plugin://plugin.video.twilight/?action=trakt_collection&amp;category_name=Movies%20Collection&amp;iconImage=https%3a%2f%2fi.imgur.com%2fxihFNwP.png&amp;mode=build_movie_list&quot;,return)</favourite>
    <favourite name="[B]סדרות פופולריות[/B]" thumb="special://home/media/build_icons/Twilight/Shows/Shows_Popular.png">ActivateWindow(10025,&quot;plugin://plugin.video.twilight/?action=trakt_tv_trending&amp;iconImage=trending&amp;mode=build_tvshow_list&amp;name=32458&quot;,return)</favourite>
    <favourite name="[B]סרטים חדשים[/B]" thumb="special://home/media/build_icons/Twilight/Movies/Movies_Popular.png">ActivateWindow(10025,&quot;plugin://plugin.video.twilight/?action=tmdb_movies_latest_releases&amp;iconImage=dvd&amp;mode=build_movie_list&amp;name=32461&quot;,return)</favourite>
    <favourite name="[B]פרקים להמשך צפייה[/B]" thumb="special://home/media/build_icons/Twilight/Shows/Episodes_In_Progress.png">ActivateWindow(10025,&quot;plugin://plugin.video.twilight/?iconImage=next_episodes&amp;mode=build_next_episode&amp;name=32483&quot;,return)</favourite>
    <favourite name="[B]סרטים להמשך צפייה[/B]" thumb="special://home/media/build_icons/Twilight/Movies/Movies_In_Progress.png">ActivateWindow(10025,&quot;plugin://plugin.video.twilight/?action=in_progress_movies&amp;iconImage=player&amp;mode=build_movie_list&amp;name=32476&quot;,return)</favourite>
    <favourite name="[B]עידן פלוס[/B]" thumb="special://home/media/build_icons/Idan_Plus/idan_plus.png">RunAddon(plugin.video.idanplus)</favourite>
    <favourite name="[B]סרטים לפי רשתות[/B]" thumb="special://home/media/build_icons/Twilight/Movies/Movies_By_Networks.png">ActivateWindow(10025,&quot;plugin://plugin.video.twilight/?external_list_item=True&amp;iconImage=networks&amp;mode=navigator.build_shortcut_folder_list&amp;name=%d7%a1%d7%a8%d7%98%d7%99%d7%9d%20-%20%d7%9c%d7%a4%d7%99%20%d7%a8%d7%a9%d7%aa%d7%95%d7%aa&amp;shortcut_folder=True&quot;,return)</favourite>
    <favourite name="[B]סדרות לפי ז&apos;אנר[/B]" thumb="special://home/media/build_icons/Twilight/Shows/Shows_Genres.png">ActivateWindow(10025,&quot;plugin://plugin.video.twilight/?external_list_item=True&amp;iconImage=genres&amp;mode=navigator.build_shortcut_folder_list&amp;name=%d7%a1%d7%93%d7%a8%d7%95%d7%aa%20-%20%d7%9c%d7%a4%d7%99%20%d7%96%27%d7%90%d7%a0%d7%a8&amp;shortcut_folder=True&quot;,return)</favourite>
    <favourite name="[B]סרטים לפי ז&apos;אנר[/B]" thumb="special://home/media/build_icons/Twilight/Movies/Movies_Genres.png">ActivateWindow(10025,&quot;plugin://plugin.video.twilight/?external_list_item=True&amp;iconImage=genres&amp;mode=navigator.build_shortcut_folder_list&amp;name=%d7%a1%d7%a8%d7%98%d7%99%d7%9d%20-%20%d7%9c%d7%a4%d7%99%20%d7%96%27%d7%90%d7%a0%d7%a8&amp;shortcut_folder=True&quot;,return)</favourite>
    <favourite name="[B]Netflix סדרות[/B]" thumb="special://home/media/build_icons/Twilight/Shows/Networks/Shows_Netflix.png">ActivateWindow(10025,&quot;plugin://plugin.video.twilight/?action=tmdb_tv_networks&amp;iconImage=https%3a%2f%2fi.imgur.com%2fjI5c3bw.png&amp;mode=build_tvshow_list&amp;network_id=213&quot;,return)</favourite>
    <favourite name="[B]Disney+ סדרות[/B]" thumb="special://home/media/build_icons/Twilight/Shows/Networks/Shows_Disney_Plus.png">ActivateWindow(10025,&quot;plugin://plugin.video.twilight/?action=tmdb_tv_networks&amp;iconImage=https%3a%2f%2fi.imgur.com%2fDVrPgbM.png&amp;mode=build_tvshow_list&amp;network_id=2739&quot;,return)</favourite>
    <favourite name="[B]Apple TV סדרות[/B]" thumb="special://home/media/build_icons/Twilight/Shows/Networks/Shows_AppleTV.png">ActivateWindow(10025,&quot;plugin://plugin.video.twilight/?action=tmdb_tv_networks&amp;iconImage=https%3a%2f%2fi.imgur.com%2ffAQMVNp.png&amp;mode=build_tvshow_list&amp;network_id=2552&quot;,return)</favourite>
    <favourite name="[B]HBO סדרות[/B]" thumb="special://home/media/build_icons/Twilight/Shows/Networks/Shows_HBO.png">ActivateWindow(10025,&quot;plugin://plugin.video.twilight/?action=tmdb_tv_networks&amp;iconImage=https%3a%2f%2fi.imgur.com%2fHyu8ZGq.png&amp;mode=build_tvshow_list&amp;network_id=49&quot;,return)</favourite>
    <favourite name="[B]HBO Max סדרות[/B]" thumb="special://home/media/build_icons/Twilight/Shows/Networks/Shows_HBO_Max.png">ActivateWindow(10025,&quot;plugin://plugin.video.twilight/?action=tmdb_tv_networks&amp;iconImage=https%3a%2f%2fi.imgur.com%2fmmRMG75.png&amp;mode=build_tvshow_list&amp;network_id=3186&quot;,return)</favourite>
    <favourite name="[B]FOX סדרות[/B]" thumb="special://home/media/build_icons/Twilight/Shows/Networks/Shows_FOX.png">ActivateWindow(10025,&quot;plugin://plugin.video.twilight/?action=tmdb_tv_networks&amp;iconImage=https%3a%2f%2fi.imgur.com%2f6vc0Iov.png&amp;mode=build_tvshow_list&amp;network_id=19&quot;,return)</favourite>
    <favourite name="[B]Amazon סדרות[/B]" thumb="special://home/media/build_icons/Twilight/Shows/Networks/Shows_Amazon.png">ActivateWindow(10025,&quot;plugin://plugin.video.twilight/?action=tmdb_tv_networks&amp;iconImage=https%3a%2f%2fi.imgur.com%2fru9DDlL.png&amp;mode=build_tvshow_list&amp;network_id=1024&quot;,return)</favourite>
    <favourite name="[B]Hulu סדרות[/B]" thumb="special://home/media/build_icons/Twilight/Shows/Networks/Shows_Hulu.png">ActivateWindow(10025,&quot;plugin://plugin.video.twilight/?action=tmdb_tv_networks&amp;iconImage=https%3a%2f%2fi.imgur.com%2fuSD2Cdw.png&amp;mode=build_tvshow_list&amp;name=Hulu&amp;network_id=453&quot;,return)</favourite>
    <favourite name="[B][COLOR yellow]אשף ההתקנה - Wizard[/COLOR][/B]" thumb="special://home/media/build_icons/Wizard/wizard.png">RunAddon(&quot;plugin.program.kodirealdebridisraelwizard&quot;)</favourite>
    <favourite name="[B]סטטוס מנוי Real Debrid[/B]" thumb="special://home/media/build_icons/Twilight/RD_Status/RD_Account_Status.png">PlayMedia(&quot;plugin://plugin.video.twilight/?mode=real_debrid.rd_account_info&amp;isFolder=false&amp;iconImage=https%3A%2F%2Fi.imgur.com%2FDotYAc3.png&quot;)</favourite>
    <favourite name="[B]בדיקת מהירות[/B]" thumb="special://home/media/build_icons/Speed_Test/speed_test_icon.png">RunAddon(&quot;script.speedtester&quot;)</favourite>
    <favourite name="[B]CW סדרות[/B]" thumb="special://home/media/build_icons/Twilight/Shows/Networks/Shows_CW.png">ActivateWindow(10025,&quot;plugin://plugin.video.twilight/?action=tmdb_tv_networks&amp;iconImage=https%3a%2f%2fi.imgur.com%2fQ8tooeM.png&amp;mode=build_tvshow_list&amp;name=The%20CW&amp;network_id=71&quot;,return)</favourite>
    <favourite name="[B][COLOR blue]עדכון מהיר - Wizard[/COLOR][/B]" thumb="special://home/media/build_icons/Wizard/fast_update.png">PlayMedia(&quot;plugin://plugin.program.kodirealdebridisraelwizard/?mode=install&amp;action=quick_update&amp;name=%D7%A7%D7%95%D7%93%D7%99+%D7%A8%D7%99%D7%9C+%D7%93%D7%91%D7%A8%D7%99%D7%93+%D7%99%D7%A9%D7%A8%D7%90%D7%9C&amp;auto_quick_update=false&quot;)</favourite>
    <favourite name="[B][COLOR FF3CFA38]החלף סקין - Wizard[/COLOR][/B]" thumb="special://home/media/build_icons/Wizard/wizard.png">PlayMedia(&quot;plugin://plugin.program.kodirealdebridisraelwizard/?mode=install&amp;action=build_switch_skin&quot;)</favourite>
    <favourite name="[B]שליחת לוג[/B]" thumb="special://home/media/build_icons/Twilight/Send_Log/twilight_send_log.png">PlayMedia(&quot;plugin://plugin.video.twilight/?mode=upload_logfile&amp;isFolder=false&amp;iconImage=https%3A%2F%2Fi.imgur.com%2FXbEEv9X.png&quot;)</favourite>
    <favourite name="[B]סידור מועדפים[/B]" thumb="special://home/media/build_icons/Order_Favorites/Order_Favorites.png">RunAddon(plugin.program.orderfavourites-hebrew)</favourite>
</favourites>
