<favourites>
    <favourite name="[B]Fen[/B]" thumb="special://home/addons/plugin.video.fen/resources/media/fen_icon.png">RunAddon(plugin.video.fen)</favourite>
    <favourite name="[B][COLOR limegreen]מידע נוסף וטיפים[/COLOR][/B]" thumb="special://home/addons/plugin.program.kodirealdebridisraelguides/icon.png">RunAddon(plugin.program.kodirealdebridisraelguides)</favourite>
    <favourite name="[B]חיפוש - סרטים[/B]" thumb="https://i.imgur.com/u8jgyN3.png">ActivateWindow(10025,&quot;plugin://plugin.video.fen/?action=movie&amp;iconImage=https%3a%2f%2fi.imgur.com%2fu8jgyN3.png&amp;mode=history.search&quot;,return)</favourite>
    <favourite name="[B]חיפוש - סדרות[/B]" thumb="https://i.imgur.com/xYTdX3O.png">ActivateWindow(10025,&quot;plugin://plugin.video.fen/?action=tvshow&amp;iconImage=https%3a%2f%2fi.imgur.com%2fxYTdX3O.png&amp;mode=history.search&quot;,return)</favourite>
    <favourite name="[B]סרטים פופולרים[/B]" thumb="https://i.imgur.com/rVq7so0.png">ActivateWindow(10025,&quot;plugin://plugin.video.fen/?action=trakt_movies_trending&amp;iconImage=trending&amp;mode=build_movie_list&amp;name=32458&quot;,return)</favourite>
    <favourite name="[B]סדרות פופולריות[/B]" thumb="https://i.imgur.com/rVq7so0.png">ActivateWindow(10025,&quot;plugin://plugin.video.fen/?action=trakt_tv_trending&amp;iconImage=trending&amp;mode=build_tvshow_list&amp;name=32458&quot;,return)</favourite>
    <favourite name="[B]הסרטים שלי[/B]" thumb="https://i.imgur.com/pmyCOx7.png">ActivateWindow(10025,&quot;plugin://plugin.video.fen/?action=favorites_movies&amp;iconImage=https%3a%2f%2fi.imgur.com%2fpmyCOx7.png&amp;mode=build_movie_list&quot;,return)</favourite>
    <favourite name="[B]הסדרות שלי[/B]" thumb="https://i.imgur.com/R3NEEJl.png">ActivateWindow(10025,&quot;plugin://plugin.video.fen/?action=favorites_tvshows&amp;iconImage=https%3a%2f%2fi.imgur.com%2fR3NEEJl.png&amp;mode=build_tvshow_list&quot;,return)</favourite>
    <favourite name="[B]עידן+ פלוס[/B]" thumb="special://home/addons/plugin.video.idanplus/icon.png">RunAddon(plugin.video.idanplus)</favourite>
    <favourite name="[B]סדרות נטפליקס[/B]" thumb="https://i.imgur.com/jI5c3bw.png">ActivateWindow(10025,&quot;plugin://plugin.video.fen/?action=tmdb_tv_networks&amp;iconImage=https%3a%2f%2fi.imgur.com%2fjI5c3bw.png&amp;mode=build_tvshow_list&amp;network_id=213&quot;,return)</favourite>
    <favourite name="[B]סדרות דיסני פלוס[/B]" thumb="https://i.imgur.com/DVrPgbM.png">ActivateWindow(10025,&quot;plugin://plugin.video.fen/?action=tmdb_tv_networks&amp;iconImage=https%3a%2f%2fi.imgur.com%2fDVrPgbM.png&amp;mode=build_tvshow_list&amp;network_id=2739&quot;,return)</favourite>
    <favourite name="[B]HBO סדרות[/B]" thumb="https://i.imgur.com/Hyu8ZGq.png">ActivateWindow(10025,&quot;plugin://plugin.video.fen/?action=tmdb_tv_networks&amp;iconImage=https%3a%2f%2fi.imgur.com%2fHyu8ZGq.png&amp;mode=build_tvshow_list&amp;network_id=49&quot;,return)</favourite>
    <favourite name="[B]HBO Max סדרות[/B]" thumb="https://i.imgur.com/mmRMG75.png">ActivateWindow(10025,&quot;plugin://plugin.video.fen/?action=tmdb_tv_networks&amp;iconImage=https%3a%2f%2fi.imgur.com%2fmmRMG75.png&amp;mode=build_tvshow_list&amp;network_id=3186&quot;,return)</favourite>
    <favourite name="[B]Apple TV+ סדרות[/B]" thumb="https://i.imgur.com/fAQMVNp.png">ActivateWindow(10025,&quot;plugin://plugin.video.fen/?action=tmdb_tv_networks&amp;iconImage=https%3a%2f%2fi.imgur.com%2ffAQMVNp.png&amp;mode=build_tvshow_list&amp;network_id=2552&quot;,return)</favourite>
    <favourite name="[B]FOX סדרות[/B]" thumb="https://i.imgur.com/6vc0Iov.png">ActivateWindow(10025,&quot;plugin://plugin.video.fen/?action=tmdb_tv_networks&amp;iconImage=https%3a%2f%2fi.imgur.com%2f6vc0Iov.png&amp;mode=build_tvshow_list&amp;network_id=19&quot;,return)</favourite>
    <favourite name="[B]Amazon סדרות[/B]" thumb="https://i.imgur.com/ru9DDlL.png">ActivateWindow(10025,&quot;plugin://plugin.video.fen/?action=tmdb_tv_networks&amp;iconImage=https%3a%2f%2fi.imgur.com%2fru9DDlL.png&amp;mode=build_tvshow_list&amp;network_id=1024&quot;,return)</favourite>
    <favourite name="[B]Hulu סדרות[/B]" thumb="https://i.imgur.com/uSD2Cdw.png">ActivateWindow(10025,&quot;plugin://plugin.video.fen/?action=tmdb_tv_networks&amp;iconImage=https%3a%2f%2fi.imgur.com%2fuSD2Cdw.png&amp;mode=build_tvshow_list&amp;name=Hulu&amp;network_id=453&quot;,return)</favourite>
    <favourite name="[B]סרטים - לפי ז&apos;אנר[/B]" thumb="https://i.imgur.com/6QpJbS0.png">ActivateWindow(10025,&quot;plugin://plugin.video.fen/?iconImage=genres&amp;menu_type=movie&amp;mode=navigator.genres&amp;name=32470&quot;,return)</favourite>
    <favourite name="[B]סדרות - לפי ז&apos;אנר[/B]" thumb="https://i.imgur.com/6QpJbS0.png">ActivateWindow(10025,&quot;plugin://plugin.video.fen/?iconImage=genres&amp;menu_type=tvshow&amp;mode=navigator.genres&amp;name=32470&quot;,return)</favourite>
    <favourite name="[B]סידור מועדפים[/B]" thumb="special://home/addons/plugin.program.orderfavourites-hebrew/icon.png">RunAddon(plugin.program.orderfavourites-hebrew)</favourite>
    <favourite name="[B][COLOR limegreen]Kodi + Real Debrid Israel Wizard[/COLOR][/B]" thumb="https://i.imgur.com/qaLKGdB.png">RunAddon(&quot;plugin.program.kodirealdebridisraelwizard&quot;)</favourite>
    <favourite name="[B][COLOR yellow]עדכון מהיר[/COLOR][/B]" thumb="https://i.imgur.com/aK8DRyP.png">PlayMedia(&quot;plugin://plugin.program.kodirealdebridisraelwizard/?mode=install&amp;action=gui&amp;name=Kodi+20+Real+Debrid+Israel+Build&quot;)</favourite>
</favourites>
