<sources>
    <programs>
        <default pathversion="1"></default>
    </programs>
    <video>
        <default pathversion="1"></default>
    </video>
    <music>
        <default pathversion="1"></default>
    </music>
    <pictures>
        <default pathversion="1"></default>
    </pictures>
    <files>
        <default pathversion="1"></default>
        <source>
            <name>repository.KodiRealDebridIsrael</name>
            <path pathversion="1">https://kodi7rd.github.io/repository</path>
            <allowsharing>true</allowsharing>
        </source>
        <source>
            <name>repository.KodiRealDebridIsrael-Wizard</name>
            <path pathversion="1">https://kodi7rd.github.io/wizard/</path>
            <allowsharing>true</allowsharing>
        </source>
        <source>
            <name>repository.burekasKodi</name>
            <path pathversion="1">https://burekaskodi.github.io/repository.burekasKodi/</path>
            <allowsharing>true</allowsharing>
        </source>
        <source>
            <name>packages.Fen + Fen Light </name>
            <path pathversion="1">https://tikipeter.github.io/packages</path>
            <allowsharing>true</allowsharing>
        </source>
        <source>
            <name>repository.CocoScrapers</name>
            <path pathversion="1">https://cocojoe2411.github.io/</path>
            <allowsharing>true</allowsharing>
        </source>
        <source>
            <name>repository.FishenzonIdanPlus</name>
            <path pathversion="1">https://fishenzon.github.io/</path>
            <allowsharing>true</allowsharing>
        </source>
        <source>
            <name>repository.peno64</name>
            <path pathversion="1">https://peno64.github.io/repository.peno64/</path>
            <allowsharing>true</allowsharing>
        </source>
        <source>
            <name>repository.FENtastic</name>
            <path pathversion="1">https://ivarbrandt.github.io/repository.ivarbrandt/</path>
            <allowsharing>true</allowsharing>
        </source>
        <source>
            <name>repository.Otaku</name>
            <path pathversion="1">https://goldenfreddy0703.github.io/repository.otaku/</path>
            <allowsharing>true</allowsharing>
        </source>
    </files>
    <games>
        <default pathversion="1"></default>
    </games>
</sources>
