<favourites>
    <favourite name="[B]POV[/B]" thumb="special://home/media/build_icons/POV/Logo_POV.png">RunAddon("plugin.video.pov")</favourite>
    <favourite name="[B][COLOR orange]חיבור שירותים להרחבת POV[/COLOR][/B]" thumb="special://home/media/build_icons/POV/Connect_Services.png">ActivateWindow(10025,"plugin://plugin.video.pov/?external_list_item=True&amp;iconImage=folder.png&amp;mode=navigator.build_shortcut_folder_list&amp;name=%5bB%5d%d7%97%d7%99%d7%91%d7%95%d7%a8%20%d7%a9%d7%99%d7%a8%d7%95%d7%aa%d7%99%d7%9d%5b%2fB%5d&amp;shortcut_folder=True",return)</favourite>
    <favourite name="[B]הסדרות שלי (Trakt)[/B]" thumb="special://home/media/build_icons/Twilight/Shows/My_Shows.png">ActivateWindow(10025,"plugin://plugin.video.pov/?action=trakt_collection&amp;iconImage=special%3a%2f%2fhome%2faddons%2fplugin.video.pov%2fresources%2fskins%2fDefault%2fmedia%2ftrakt.png&amp;mode=build_tvshow_list&amp;name=TV%20Shows",return)</favourite>
    <favourite name="[B]הסרטים שלי (Trakt)[/B]" thumb="special://home/media/build_icons/Twilight/Movies/My_Movies.png">ActivateWindow(10025,"plugin://plugin.video.pov/?action=trakt_collection&amp;iconImage=special%3a%2f%2fhome%2faddons%2fplugin.video.pov%2fresources%2fskins%2fDefault%2fmedia%2ftrakt.png&amp;mode=build_movie_list&amp;name=Movies",return)</favourite>
    <favourite name="[B]סדרות פופולריות[/B]" thumb="special://home/media/build_icons/Twilight/Shows/Shows_Popular.png">ActivateWindow(10025,"plugin://plugin.video.pov/?action=trakt_tv_trending&amp;iconImage=trending.png&amp;mode=build_tvshow_list&amp;name=32458",return)</favourite>
    <favourite name="[B]סרטים חדשים[/B]" thumb="special://home/media/build_icons/Twilight/Movies/Movies_Popular.png">ActivateWindow(10025,"plugin://plugin.video.pov/?action=tmdb_movies_latest_releases&amp;iconImage=dvd.png&amp;mode=build_movie_list&amp;name=32461",return)</favourite>
    <favourite name="[B]פרקים להמשך צפייה[/B]" thumb="special://home/media/build_icons/Twilight/Shows/Episodes_In_Progress.png">ActivateWindow(10025,"plugin://plugin.video.pov/?iconImage=next_episodes.png&amp;mode=build_next_episode&amp;name=32483",return)</favourite>
    <favourite name="[B]סרטים להמשך צפייה[/B]" thumb="special://home/media/build_icons/Twilight/Movies/Movies_In_Progress.png">ActivateWindow(10025,"plugin://plugin.video.pov/?action=in_progress_movies&amp;iconImage=player.png&amp;mode=build_movie_list&amp;name=32476",return)</favourite>
    <favourite name="[B]עידן פלוס[/B]" thumb="special://home/media/build_icons/Idan_Plus/idan_plus.png">RunAddon(plugin.video.idanplus)</favourite>
    <favourite name="[B]אנימה[/B]" thumb="special://home/media/build_icons/POV/Otaku.png">RunAddon("plugin.video.otaku")</favourite>
    <favourite name="[B]סדרות לפי ז&apos;אנר[/B]" thumb="special://home/media/build_icons/Twilight/Shows/Shows_Genres.png">ActivateWindow(10025,"plugin://plugin.video.pov/?iconImage=genres.png&amp;menu_type=tvshow&amp;mode=navigator.genres&amp;name=32470",return)</favourite>
    <favourite name="[B]סרטים לפי ז&apos;אנר[/B]" thumb="special://home/media/build_icons/Twilight/Movies/Movies_Genres.png">ActivateWindow(10025,"plugin://plugin.video.pov/?iconImage=genres.png&amp;menu_type=movie&amp;mode=navigator.genres&amp;name=32470",return)</favourite>
    <favourite name="[B]Netflix סדרות[/B]" thumb="special://home/media/build_icons/Twilight/Shows/Networks/Shows_Netflix.png">ActivateWindow(10025,"plugin://plugin.video.pov/?action=tmdb_tv_networks&amp;iconImage=https%3a%2f%2fi.imgur.com%2fjI5c3bw.png&amp;mode=build_tvshow_list&amp;name=Netflix&amp;network_id=213",return)</favourite>
    <favourite name="[B]Disney+ סדרות[/B]" thumb="special://home/media/build_icons/Twilight/Shows/Networks/Shows_Disney_Plus.png">ActivateWindow(10025,"plugin://plugin.video.pov/?action=tmdb_tv_networks&amp;iconImage=https%3a%2f%2fi.imgur.com%2fDVrPgbM.png&amp;mode=build_tvshow_list&amp;name=Disney%2b&amp;network_id=2739",return)</favourite>
    <favourite name="[B]Apple TV סדרות[/B]" thumb="special://home/media/build_icons/Twilight/Shows/Networks/Shows_AppleTV.png">ActivateWindow(10025,"plugin://plugin.video.pov/?action=tmdb_tv_networks&amp;iconImage=https%3a%2f%2fi.imgur.com%2ffAQMVNp.png&amp;mode=build_tvshow_list&amp;name=Apple%20TV%20%2b&amp;network_id=2552",return)</favourite>
    <favourite name="[B]HBO סדרות[/B]" thumb="special://home/media/build_icons/Twilight/Shows/Networks/Shows_HBO.png">ActivateWindow(10025,"plugin://plugin.video.pov/?action=tmdb_tv_networks&amp;iconImage=https%3a%2f%2fi.imgur.com%2fHyu8ZGq.png&amp;mode=build_tvshow_list&amp;name=HBO&amp;network_id=49",return)</favourite>
    <favourite name="[B]HBO Max סדרות[/B]" thumb="special://home/media/build_icons/Twilight/Shows/Networks/Shows_HBO_Max.png">ActivateWindow(10025,"plugin://plugin.video.pov/?action=tmdb_tv_networks&amp;iconImage=https%3a%2f%2fi.imgur.com%2fmmRMG75.png&amp;mode=build_tvshow_list&amp;name=HBO%20Max&amp;network_id=3186",return)</favourite>
    <favourite name="[B]FOX סדרות[/B]" thumb="special://home/media/build_icons/Twilight/Shows/Networks/Shows_FOX.png">ActivateWindow(10025,"plugin://plugin.video.pov/?action=tmdb_tv_networks&amp;iconImage=https%3a%2f%2fi.imgur.com%2f6vc0Iov.png&amp;mode=build_tvshow_list&amp;name=FOX&amp;network_id=19",return)</favourite>
    <favourite name="[B]Amazon סדרות[/B]" thumb="special://home/media/build_icons/Twilight/Shows/Networks/Shows_Amazon.png">ActivateWindow(10025,"plugin://plugin.video.pov/?action=tmdb_tv_networks&amp;iconImage=https%3a%2f%2fi.imgur.com%2fru9DDlL.png&amp;mode=build_tvshow_list&amp;name=Amazon&amp;network_id=1024",return)</favourite>
    <favourite name="[B]Hulu סדרות[/B]" thumb="special://home/media/build_icons/Twilight/Shows/Networks/Shows_Hulu.png">ActivateWindow(10025,"plugin://plugin.video.pov/?action=tmdb_tv_networks&amp;iconImage=https%3a%2f%2fi.imgur.com%2fuSD2Cdw.png&amp;mode=build_tvshow_list&amp;name=Hulu&amp;network_id=453",return)</favourite>
    <favourite name="[B]CW סדרות[/B]" thumb="special://home/media/build_icons/Twilight/Shows/Networks/Shows_CW.png">ActivateWindow(10025,"plugin://plugin.video.pov/?action=tmdb_tv_networks&amp;iconImage=https%3a%2f%2fi.imgur.com%2fQ8tooeM.png&amp;mode=build_tvshow_list&amp;name=The%20CW&amp;network_id=71",return)</favourite>
    <favourite name="[B][COLOR yellow]אשף ההתקנה - Wizard[/COLOR][/B]" thumb="special://home/media/build_icons/Wizard/wizard.png">RunAddon("plugin.program.kodirealdebridisraelwizard")</favourite>
    <favourite name="[B][COLOR blue]עדכון מהיר - Wizard[/COLOR][/B]" thumb="special://home/media/build_icons/Wizard/fast_update.png">PlayMedia("plugin://plugin.program.kodirealdebridisraelwizard/?mode=install&amp;action=quick_update&amp;name=Kodi+Real+Debrid+Israel+-+POV&amp;auto_quick_update=false")</favourite>
    <favourite name="[B]סטטוס מנוי Real Debrid[/B]" thumb="special://home/media/build_icons/Twilight/RD_Status/RD_Account_Status.png">PlayMedia("plugin://plugin.video.pov/?mode=real_debrid.show_account_info&amp;name=Account+Info&amp;isFolder=false&amp;iconImage=special%3A%2F%2Fhome%2Faddons%2Fplugin.video.pov%2Fresources%2Fskins%2FDefault%2Fmedia%2Frealdebrid.png")</favourite>
    <favourite name="[B]בדיקת מהירות[/B]" thumb="special://home/media/build_icons/Speed_Test/speed_test_icon.png">PlayMedia("plugin://plugin.program.kodirealdebridisraelwizard/?mode=build_speed_test")</favourite>
    <favourite name="[B]שליחת לוג[/B]" thumb="special://home/media/build_icons/Twilight/Send_Log/twilight_send_log.png">ActivateWindow(10025,"plugin://plugin.video.pov/?iconImage=special%3a%2f%2fhome%2faddons%2fplugin.video.pov%2fresources%2fskins%2fDefault%2fmedia%2fsettings.png&amp;mode=navigator.log_utils&amp;name=Changelog%20%26%20Log%20Utils",return)</favourite>
    <favourite name="[B]סידור מועדפים[/B]" thumb="special://home/media/build_icons/Order_Favorites/Order_Favorites.png">RunAddon(plugin.program.orderfavourites-hebrew)</favourite>
</favourites>
