<favourites>
    <favourite name="[B]FEN[/B]" thumb="special://home/media/build_icons/Fen/Icon/fen_icon.jpg">RunAddon(plugin.video.fen)</favourite>
    <favourite name="[B][COLOR orange]חיבור שירותים להרחבת Fen[/COLOR][/B]" thumb="special://home/media/build_icons/Fen/Connect_Services/fen_connect_services.jpg">RunAddon(&quot;plugin.program.kodirealdebridisrael_connect_fen_services&quot;)</favourite>
    <favourite name="[B]סטטוס מנוי Real Debrid[/B]" thumb="special://home/media/build_icons/Fen/RD_Status/RD_Account_Status.jpg">PlayMedia(&quot;plugin://plugin.video.fen/?mode=real_debrid.rd_account_info&amp;isFolder=false&amp;iconImage=https%3A%2F%2Fi.imgur.com%2FDotYAc3.png&quot;)</favourite>
    <favourite name="[B]עידן+ פלוס[/B]" thumb="special://home/media/build_icons/Idan_Plus/idan_plus.jpg">RunAddon(plugin.video.idanplus)</favourite>
    <favourite name="[B][COLOR blue]Kodi + Real Debrid Israel Wizard[/COLOR][/B]" thumb="special://home/media/build_icons/Wizard/wizard.jpg">RunAddon(&quot;plugin.program.kodirealdebridisraelwizard&quot;)</favourite>
    <favourite name="[B][COLOR yellow]עדכון מהיר[/COLOR][/B]" thumb="special://home/media/build_icons/Wizard/fast_update.jpg">PlayMedia(&quot;plugin://plugin.program.kodirealdebridisraelwizard/?mode=install&amp;action=gui&amp;name=%D7%91%D7%99%D7%9C%D7%93+%D7%A1%D7%A7%D7%99%D7%9F+FENtastic+-+%D7%9C%D7%9E%D7%9B%D7%A9%D7%99%D7%A8%D7%99%D7%9D+%D7%97%D7%96%D7%A7%D7%99%D7%9D%21&quot;)</favourite>
    <favourite name="[B](FEN) שליחת לוג[/B]" thumb="special://home/media/build_icons/Fen/Send_Log/fen_send_log.jpg">PlayMedia(&quot;plugin://plugin.video.fen/?mode=upload_logfile&amp;isFolder=false&amp;iconImage=https%3A%2F%2Fi.imgur.com%2FXbEEv9X.png&quot;)</favourite>
    <favourite name="[B][COLOR limegreen]מדריכים[/COLOR][/B]" thumb="special://home/media/build_icons/Guides/guides.jpg">RunAddon(&quot;plugin.program.kodirealdebridisraelguides&quot;)</favourite>
</favourites>
