<addon id="plugin.video.twilight" name="Twilight" provider-name="Twilight" version="3.1.19">
    <requires>
        <import addon="xbmc.python" version="3.0.0"/>
        <import addon="script.module.requests" version="2.19.1"/>
        <import addon="script.module.cocoscrapers" version="0.0.1"/>
    </requires>
    <extension library="resources/lib/twilight.py" point="xbmc.python.pluginsource">
        <provides>video</provides>
    </extension>
    <extension library="resources/lib/service.py" point="xbmc.service"/>
    <extension library="resources/lib/" point="xbmc.python.module"/>
    <extension point="kodi.context.item">
        <menu id="kodi.core.main">
            <item library="resources/contextmenu/refresh_widgets.py">
                <label>[B]$ADDON[plugin.video.twilight 32611][/B]</label>
                <visible>String.IsEqual(ListItem.Property(twilight.external),true) + !String.StartsWith(Window(home).Property(twilight.kodi_version),20)</visible>
            </item>
            <item library="resources/contextmenu/mark_watched.py">
                <label>[B]$ADDON[plugin.video.twilight 33130][/B]</label>
                <visible>[String.IsEqual(ListItem.dbtype,movie) | String.IsEqual(ListItem.dbtype,episode)] + String.IsEqual(ListItem.Property(twilight.external),true) + String.IsEqual(ListItem.Property(twilight.playcount),0) + !String.StartsWith(Window(home).Property(twilight.kodi_version),20)</visible>
            </item>
            <item library="resources/contextmenu/mark_unwatched.py">
                <label>[B]$ADDON[plugin.video.twilight 33131][/B]</label>
                <visible>[String.IsEqual(ListItem.dbtype,movie) | String.IsEqual(ListItem.dbtype,episode)] + String.IsEqual(ListItem.Property(twilight.external),true) + String.IsEqual(ListItem.Property(twilight.playcount),1) + !String.StartsWith(Window(home).Property(twilight.kodi_version),20)</visible>
            </item>
            <item library="resources/contextmenu/clear_progress.py">
                <label>32651</label>
                <visible>[String.IsEqual(ListItem.dbtype,movie) | String.IsEqual(ListItem.dbtype,episode)] + String.IsEqual(ListItem.Property(twilight.external),true) + String.IsEqual(ListItem.Property(twilight.in_progress),true) + !String.StartsWith(Window(home).Property(twilight.kodi_version),20)</visible>
            </item>
            <item library="resources/contextmenu/options.py">
                <label>32646</label>
                <visible>String.IsEqual(ListItem.Property(twilight.external),true) + !String.StartsWith(Window(home).Property(twilight.kodi_version),20)</visible>
            </item>
            <item library="resources/contextmenu/extras.py">
                <label>32645</label>
                <visible>String.IsEqual(ListItem.Property(twilight.external),true) + !String.StartsWith(Window(home).Property(twilight.kodi_version),20)</visible>
            </item>
        </menu>
    </extension>
    <extension point="xbmc.addon.metadata">
        <reuselanguageinvoker>true</reuselanguageinvoker>
        <summary lang="en">Kodi + Real Debrid Israel Build Add-on for Real Debrid sources.</summary>
        <description lang="en">This add-on is intended for advanced Kodi users only. Mainly used for Real Debrid account access. An External Scraper package may be used. You must own the content of any media you play through this addon.</description>
        <platform>all</platform>
		<disclaimer lang="en">The author of this addon does not host any of the content which is found and has no affiliation with any of the content providers. This addon simply searches websites for content.</disclaimer>
        <license>GNU GENERAL PUBLIC LICENSE. Version 3, 29 June 2007</license>
        <assets>
            <icon>resources/media/twilight_icon.png</icon>
            <fanart>resources/media/twilight_fanart.png</fanart>
            <clearlogo>resources/media/twilight_clearlogo.png</clearlogo>
        </assets>
        <news>INFO: For latest changes see Changelog within Tools of add-on.</news>
    </extension>
</addon>